name,phoneNumber
ebrabbins0,300-101-8148
ndrewett1,804-953-3391
gjorin2,238-753-5026
jsargant3,771-925-0267
scoon4,383-114-9659
vspargo5,253-504-0223
edadswell6,930-386-0348
hlantiffe7,104-247-7990
rrubenov8,219-696-2555
mjurasek9,215-162-5952
jmactimpanya,546-231-3340
erichlyb,266-506-8169
wgummeryc,236-502-1686
htaylotd,768-445-0688
pmessengere,690-452-5744
ssparyf,720-976-2319
drojahng,724-258-2215
zcosinsh,755-727-2375
dhurtadoi,955-668-7089
ajeannardj,451-434-1576
lnaccik,570-578-4194
iduseyl,985-127-4867
mbashfordm,687-556-1232
mlochheadn,793-633-4960
sbaldio,531-858-4948
jharlowep,974-154-6029
tvasyutinq,198-145-9631
npoter,110-564-9341
osehorschs,257-259-4748
eczajkowskat,220-833-2808
nbussellu,473-172-8696
ltunnav,496-293-5494
jmoyw,164-923-3406
rfugex,916-303-8128
sgirtony,821-222-9901
brizzardiz,987-607-0208
voswell10,476-936-6698
mbenthall11,208-936-3814
kdominka12,393-471-9414
rbernasek13,187-418-7972
mgoodie14,281-390-6963
ggargett15,476-219-9821
nmacmarcuis16,239-667-9453
jidell17,761-667-5139
klawille18,758-776-8168
bgreest19,456-774-8454
sbritee1a,283-299-9524
mfaulkes1b,583-748-2311
nmucklo1c,237-490-8432
mmatusiak1d,367-738-1468
mlukins1e,780-345-5111
hdetoc1f,130-927-7022
sammer1g,463-438-0952
jclarycott1h,598-109-2025
mfrontczak1i,960-953-2394
lrothschild1j,489-669-1578
obreede1k,271-582-2771
tlabrone1l,973-766-5786
hcambling1m,829-681-3924
cdisdel1n,270-587-3819
cmandrake1o,402-681-6732
lcrocket1p,476-335-1736
dchesher1q,354-651-9310
dcolliss1r,638-402-9575
lingon1s,358-954-8049
mphebee1t,666-829-6536
dlabel1u,807-767-3994
apennycord1v,866-790-9440
bjunkison1w,960-965-7177
rfulk1x,800-838-8312
dboxall1y,734-360-6857
sdollman1z,299-826-4659
ogoatcher20,533-223-7025
ecapewell21,714-513-9158
dbackshill22,903-555-4573
cdeans23,804-151-5745
tgawthrop24,551-664-3367
sgarwood25,578-172-3020
daffuso26,491-336-1545
wglaserman27,779-352-6237
rfollet28,649-843-1866
iskottle29,755-460-6084
ccopelli2a,388-432-5314
cgillson2b,665-757-3737
bbickerdicke2c,329-777-6069
sbeentjes2d,578-105-7431
btaffurelli2e,478-708-1420
edumper2f,904-915-8791
jsaines2g,294-267-6569
jchippindall2h,656-287-6361
hruff2i,325-455-2809
llong2j,910-992-0607
bmatschke2k,691-240-0507
hgennerich2l,549-396-4359
tbateson2m,480-269-6763
lthireau2n,856-903-7453
bcromarty2o,350-814-1214
iironmonger2p,322-121-3363
ematuszkiewicz2q,730-536-2805
asenechell2r,772-223-8154
dhurlston2s,412-362-2968
amant2t,694-500-7090
cpuddan2u,390-572-7514
gswanborrow2v,302-582-7937
shembrow2w,470-383-1282
acreffeild2x,392-422-1752
rmitkin2y,393-533-7120
ssill2z,441-488-6577
ldannohl30,266-923-8275
wgilliatt31,816-410-8327
cezzy32,232-883-5573
adeer33,918-153-6729
mcoe34,456-890-8213
rderoche35,215-617-8713
cdillaway36,799-554-8720
tcottesford37,898-708-8172
siacovides38,222-705-9377
scicchitello39,783-940-1498
ecicchitello3a,765-149-0234
lboldry3b,931-515-8517
eschreiner3c,476-833-1161
djacobs3d,857-780-1676
rmccurlye3e,140-620-0431
ajubert3f,253-591-5094
sstorre3g,810-844-4036
speeke3h,288-536-4113
jgilliam3i,614-876-2667
rstolworthy3j,313-878-8552
ichittie3k,444-493-3181
poak3l,546-522-0587
bmacarthur3m,956-831-2050
jscarlin3n,399-101-9402
egouny3o,813-255-8574
cchrisp3p,945-277-1112
sidell3q,773-894-4207
stunnah3r,416-281-7865
ncorrado3s,950-750-0980
jcomsty3t,201-738-7192
jcourt3u,436-956-0376
gyanyshev3v,393-349-4230
ccharrisson3w,251-161-8754
eelster3x,491-363-8168
gbaty3y,290-717-6682
eturfrey3z,696-877-5428
smcmenemy40,655-469-4578
twhitechurch41,842-205-1829
rmartinec42,377-852-6683
nkunzler43,789-568-8860
mrockwell44,567-275-1001
swoolsey45,611-288-2623
adunford46,393-877-6099
acowing47,415-999-5531
tsuttell48,299-702-4275
egreeson49,375-671-5117
atidmas4a,487-505-4096
nalmak4b,481-976-5107
tdacca4c,539-385-2909
btiley4d,265-805-0252
schellenham4e,536-126-0543
jgaitung4f,679-397-2429
sondracek4g,688-856-6763
otenbroek4h,604-994-4591
lnutten4i,997-281-2347
hsayer4j,492-550-0046
dhainsworth4k,424-506-7640
mbuffey4l,301-742-4651
ayeiles4m,248-763-9181
amathison4n,377-746-7532
cbenedek4o,337-827-3988
sibbitson4p,504-913-1290
asikorski4q,444-708-2217
mwyatt4r,160-841-1932
alunk4s,447-239-5758
dstoodale4t,263-315-4730
ymacalpine4u,671-377-2479
ntilburn4v,976-261-8678
aargue4w,371-229-7276
bhoulaghan4x,382-771-9901
bgiamo4y,593-550-9776
bkrink4z,616-716-9467
gtrewman50,964-688-0978
nrenny51,995-882-9928
flowsely52,138-142-6070
dskyrme53,702-309-8828
jmackleden54,831-617-3672
asallis55,217-396-4046
smantha56,748-966-1605
tunwin57,767-621-3085
mpotticary58,204-275-7802
acicculi59,238-401-1425
uboam5a,216-885-3097
zimpy5b,233-218-1009
nmougel5c,570-277-9958
wdagworthy5d,955-932-7864
wpittam5e,307-155-9957
ktrimmell5f,607-399-5721
rdennant5g,931-358-0113
rcatmull5h,681-123-7491
lveeler5i,923-182-2350
cdenerley5j,292-761-3367
gmuriel5k,350-465-6353
ljolliman5l,430-916-5832
nwinks5m,340-156-6700
sfright5n,281-961-6653
mpinder5o,541-404-9295
cboij5p,883-270-4339
cimlen5q,419-812-9622
fsillis5r,176-761-5079
acleal5s,253-543-2210
sbauser5t,125-947-0901
rfunnell5u,866-805-6249
cjovicic5v,636-492-3074
ocressar5w,511-559-7236
edhooghe5x,772-614-3405
kgoodison5y,127-452-4704
fvasey5z,638-744-7479
aseak60,329-946-2200
bclemendot61,330-947-3385
jbett62,534-331-1083
gbagworth63,119-809-8124
jgilford64,473-115-8808
bdockreay65,557-339-1574
grait66,786-862-0528
mphetteplace67,440-703-5034
rtirte68,491-452-3586
lfahey69,899-208-1698
wcorbould6a,171-504-3165
hwinkworth6b,766-807-4490
mdecopeman6c,762-581-8817
dklasen6d,631-844-7985
blesaunier6e,456-892-7088
vstolte6f,914-348-9334
pdannett6g,282-126-1701
apietranek6h,417-343-3315
gmeiklem6i,244-890-7998
abroadfoot6j,556-365-2156
vjakubowski6k,199-961-3799
dbarthrop6l,863-724-0767
rbryning6m,803-495-9385
bhamlet6n,516-432-3395
erishman6o,812-769-7282
cwyldbore6p,716-488-6773
ctoffano6q,293-820-2413
mmacphee6r,515-346-4258
calvarado6s,746-168-6347
ldurban6t,680-740-3664
alocket6u,816-868-3588
cinwood6v,691-195-9074
erolfs6w,774-108-2885
ftremollet6x,433-374-6421
vbrandle6y,155-967-1419
agreystoke6z,974-265-2330
sdeller70,774-422-5534
bnewarte71,292-441-5947
dboxhall72,628-367-2500
bloton73,202-882-1577
bwinter74,506-391-6590
jporkiss75,584-966-9834
bwragg76,548-766-2360
tgomm77,385-706-3111
rdeandreis78,357-389-4714
jkemsley79,686-248-5633
btippin7a,299-626-3571
mdavidovic7b,312-481-0016
mandraud7c,872-580-3775
jwinman7d,277-551-3914
misham7e,417-872-4858
aparsons7f,766-668-3833
aturnpenny7g,209-251-7185
jhavock7h,360-502-6908
ltoal7i,787-244-8908
cvotier7j,407-282-4780
sskill7k,646-620-9993
ldukelow7l,626-866-0922
gbirchenough7m,808-980-7136
bdonohue7n,187-740-1582
ktilston7o,527-538-0714
ugoring7p,667-517-2343
scockayne7q,104-827-1883
cwallsam7r,972-623-6726
bfeedome7s,830-890-2368
scranage7t,842-773-6024
bbroschke7u,648-426-6710
cswanton7v,632-302-2118
rolunny7w,575-428-3605
gmcveigh7x,194-688-3856
amourant7y,449-218-5976
mcubbin7z,713-377-9621
othumnel80,309-913-5293
kmeadley81,642-688-9697
rmcphelimey82,980-798-4336
eyoodall83,268-873-8743
mschollick84,696-304-3068
cshelper85,344-756-8953
koveral86,186-860-0596
jenser87,956-689-3856
sdenidge88,946-621-5754
dlobe89,761-694-4583
eellif8a,177-655-6737
jbryns8b,137-281-6350
mlethbridge8c,336-119-4833
cbagg8d,444-373-4015
ewestcot8e,378-863-5222
fsiggee8f,263-654-6141
fflanigan8g,667-415-5516
ggalbreath8h,301-927-5081
dcail8i,457-499-6092
moxe8j,789-285-4104
ahales8k,478-580-6848
fmeace8l,827-437-2495
mpointer8m,151-172-2712
dwesson8n,505-986-6675
ibaily8o,908-604-3230
jbentzen8p,509-441-7825
wmathieu8q,559-818-9523
jlanghor8r,234-925-8551
cnewhouse8s,474-431-5418
kbutchard8t,624-809-9261
jglaves8u,873-415-7724
mdanielczyk8v,788-484-0119
tstronghill8w,818-796-9966
dhuyton8x,778-133-7439
bkidman8y,989-244-0963
ldenver8z,402-568-8710
ybarensen90,202-498-0306
mblumsom91,296-237-5407
mbothie92,467-118-2996
blegerwood93,319-303-1970
splaster94,743-317-4760
clequesne95,169-613-2844
npawlata96,358-601-4964
mbarthelme97,103-392-1252
amccane98,840-377-8346
pdenton99,616-936-7635
mrowlinson9a,749-717-9172
lbalshaw9b,901-837-2420
ksimmill9c,297-821-3111
gdownes9d,607-519-0101
gtooker9e,576-475-0876
afalla9f,733-464-0548
achasson9g,492-702-9810
lnelsen9h,614-998-4763
ddawton9i,854-237-0856
rruperti9j,275-867-5757
jmcgannon9k,476-963-0893
jhirtzmann9l,580-877-4590
fsonschein9m,369-413-6042
sbakhrushin9n,500-824-1050
jbande9o,887-321-8629
sdiament9p,309-594-8685
cwhetnell9q,491-741-5825
pmacandreis9r,847-549-7534
fspykins9s,904-958-9076
pfeeny9t,135-393-7957
dsteers9u,254-608-2066
bcowely9v,447-424-1386
abiaggioni9w,416-443-7055
blemonnier9x,456-893-4326
sfasler9y,929-662-0405
mbiermatowicz9z,712-379-9720
apietersmaa0,999-739-9250
tkarlea1,924-163-1948
destea2,864-442-6648
estanlicka3,650-911-3402
ssharlanda4,382-907-3940
dhackeltona5,258-603-5047
cgaraghana6,192-798-6564
zneata7,203-195-3511
crenzulloa8,521-398-4980
agroucutta9,354-621-1978
lcansdallaa,372-767-4312
ksotheronab,942-101-3885
cdawdaryac,647-563-3802
lgoaleyad,606-405-5850
dbogueae,756-960-8391
slarkbyaf,819-356-7871
fbernag,212-556-8379
ahellikerah,547-925-1993
lclarricoatesai,110-105-7166
prollingsaj,199-113-7273
rgoldineak,184-128-5191
fcotgraveal,739-867-2081
dduranam,874-604-7523
hloadsmanan,553-218-6162
fferrerasao,554-385-4915
alatliffap,323-768-9574
rorrowaq,507-782-3179
bdungear,761-944-4194
spierseas,807-474-5043
ftomkinsat,430-268-7171
cfrippsau,132-439-7581
nwollastonav,323-154-4355
dmilesaw,610-209-3814
lboydaax,726-707-5750
adifriscoay,825-345-4182
woosthoutdevreeaz,274-331-3115
ostanbrob0,278-875-2718
aosborneb1,542-751-4805
ifairebrotherb2,532-330-6293
cyitzhakovb3,641-808-3882
ccosgreaveb4,820-148-5381
shadrillb5,316-680-7499
elukehurstb6,362-900-2127
dbeminsterb7,732-839-0261
hbezarrab8,216-647-1163
bnawtonb9,552-535-4190
astanistreetba,668-874-9271
ltanzigbb,512-817-5853
aredihalghbc,947-899-6022
amartinyukbd,681-776-0344
bstuddebe,198-705-5111
twoehlerbf,986-207-7931
klyndonbg,918-507-4033
smatleybh,645-601-4338
dfranzonellobi,391-907-7558
ublackleybj,490-401-2908
sortlerbk,605-611-4573
qwinmillbl,891-270-3276
lervinebm,798-535-4826
slafaybn,569-313-9758
elowensohnbo,523-684-3313
tshevlanebp,843-947-7362
roldnallbq,682-952-8909
jramosbr,858-351-7325
ndomonibs,369-416-5811
mhelliwellbt,554-447-3115
dgirardetbu,227-338-5031
vvedenyakinbv,594-182-8476
lstlouisbw,299-435-8642
pgrabehambx,369-414-3110
rockendenby,748-470-0741
mscullionbz,981-955-5792
aflarityc0,469-142-9742
lbuckeridgec1,889-596-9834
rcranc2,494-158-5741
mrussc3,265-596-7231
ggamonc4,731-228-9924
sveitchc5,288-701-0989
nvalentic6,352-665-5325
dpengilleyc7,672-147-7927
ntweediec8,699-960-1441
vwilleyc9,734-259-2610
kstittca,484-395-5194
anicollscb,654-861-8785
dtreslercc,836-759-9104
lrainoncd,986-890-8480
tdutchce,280-768-4259
dkimmittcf,445-323-6195
hbleasdillecg,778-602-5196
jgatecliffch,300-617-2497
mgeppci,858-460-9285
pisackcj,131-772-6192
ghackfordck,419-355-0827
aouletcl,361-217-6483
aromercm,289-946-7218
khigbincn,122-651-0556
sgioanico,714-820-2600
ijacmardcp,567-304-0304
mramsdencq,352-717-1604
coquincr,126-457-3862
dlamacraftcs,143-698-6477
mnewvellct,683-348-9026
agentzschcu,106-212-7685
pchupincv,412-999-9015
raldrencw,941-236-9136
fcassellscx,156-863-2317
afearneleycy,573-465-4494
madamoucz,330-675-1203
ccasfordd0,744-700-9960
jbannermand1,182-348-1037
rpertond2,113-442-5036
jcroncheyd3,576-105-5792
abucknerd4,543-926-0407
bohartnettd5,803-802-1416
bkedwelld6,335-457-3285
hwhysalld7,784-353-0929
tpaolinid8,843-277-9398
srobinsond9,217-419-4456
osabanda,320-805-4027
tgillinodb,917-590-1816
qbartkedc,866-160-0055
gswatradgedd,512-279-9667
mdebischofde,210-295-9271
lquinndf,425-431-3583
bcallardg,899-700-6271
dkewzickdh,689-389-4089
clippidi,376-829-1479
khadkinsdj,754-406-1025
dcawtdk,707-350-9787
ilyddiattdl,816-493-8517
lwivelldm,464-425-4637
wtorbeckdn,609-165-3055
gguerrindo,944-665-4691
dbrodwaydp,371-582-7585
wgandardq,261-683-4655
ginstondr,234-202-1732
pframminghamds,259-607-6345
shaggettdt,979-220-1642
adanigeldu,921-755-9019
nwedlockdv,529-749-5013
tbeldingdw,549-377-4438
pnittodx,117-406-3137
ecoathdy,812-836-9431
amckeggiedz,945-913-3347
bdaoute0,748-650-6545
planfaree1,765-675-9453
dfrance2,865-158-4740
lworrelle3,919-588-9922
klorraine4,294-294-2241
kbaltrushaitise5,305-361-0480
dscoblee6,744-644-2702
cgreydone7,970-141-9200
ngallarde8,639-841-8488
fwitze9,674-141-1442
haysikea,945-845-3270
bfenemoreeb,971-626-1114
pcharplingec,246-105-3442
rmcindrewed,679-711-7192
astevensee,321-619-0302
rbernathef,121-587-2861
galcaldeeg,160-221-3549
gleyreeh,780-851-4616
arevensei,998-123-4069
mpavlasekej,682-306-8965
everoek,512-283-1183
cgoodnowel,924-978-9567
tstirlandem,230-501-7529
gprendergrasten,202-883-3348
cfallenseo,204-764-1620
ngarriochep,104-575-2239
gorowaneeq,744-443-2722
mhaningtoner,826-577-8952
tcogganes,857-563-6874
nmilvarnieet,298-201-3205
zewbancheeu,910-370-9102
akovnotev,768-444-2685
ttomasicchioew,437-515-6593
ltheriotex,855-582-0186
dmeatoney,512-115-4552
pmcmainsez,803-490-7141
ogustusf0,256-157-5146
nwinspurrf1,692-382-3633
jjeffressf2,497-259-7534
hblaguef3,119-110-2612
alintonf4,770-526-7567
mnettif5,992-922-6899
sgabbf6,713-349-9736
aferreaf7,964-423-9063
tlinskillf8,660-572-2233
hlibbisf9,581-434-0193
mclemensenfa,480-970-8967
edyetfb,470-129-4699
morringfc,991-672-4152
bscophamfd,993-418-3720
dpinnerfe,245-599-7973
aelliffff,594-769-8695
mgirardeaufg,432-815-7536
mandellfh,948-572-6761
nlightfi,556-923-5839
gchipperfieldfj,733-619-6604
dtomalinfk,857-443-9462
ldericutfl,348-644-4344
abainefm,384-386-1673
eundrillfn,240-450-1792
swoodersonfo,785-630-1632
lritzmanfp,782-138-2040
vtomlinfq,395-292-6074
rbohlingfr,744-869-5606
rskallsfs,613-987-3762
bbartalettift,330-961-7803
stroakefu,708-677-0059
msylettfv,139-932-7664
prandalstonfw,376-629-3573
mpierrofx,845-286-4108
swoolcocksfy,698-963-1921
bblondinfz,903-185-0231
emartinollig0,333-365-7201
tcaseleyg1,411-138-1467
jweineg2,866-247-9259
linglissg3,516-480-9049
rfoldsg4,756-193-4364
frangeleyg5,661-995-9718
bingleg6,243-278-3565
mradmerg7,470-773-7768
sdaniellotg8,216-427-4346
slyokhing9,149-182-2768
usandomga,907-219-3542
gonealgb,846-736-5985
cnovkovicgc,124-721-4588
echapellgd,323-870-7460
kcahernyge,760-958-9275
hgueringf,287-622-2757
ccastelgg,667-173-3063
hbrewittgh,353-647-4681
hlukinsgi,342-695-9129
ocousengj,645-511-4323
dcaplisgk,717-673-6547
fshetliffgl,285-127-0505
cleidlgm,858-765-7332
aquiltergn,542-940-1328
nkillimistergo,770-241-2633
mtanswellgp,623-333-2181
dberensgq,281-157-1617
gbathurstgr,768-520-7520
wjankovskygs,648-789-7250
msnowdengt,564-630-7194
achampiongu,615-566-1446
lsonegv,635-787-8184
dmccanngw,802-387-3978
adysongx,502-872-7086
rgimbartgy,369-446-0760
mobbardgz,256-781-7605
lmacsharryh0,820-106-0645
jjaquissh1,409-505-2758
lbrownleeh2,407-443-7130
mwiszniewskih3,822-167-6767
cjerzykiewiczh4,820-650-1804
belingtonh5,145-329-8207
tyitzhakofh6,385-573-3367
trohanh7,133-412-2149
hwoanh8,498-864-0505
mdoubledayh9,912-578-8022
mlilleha,464-586-9941
ftredgerhb,560-309-2557
baylesburyhc,851-881-8449
akeffordhd,581-619-1424
prowesbyhe,998-434-6877
lscuphamhf,945-385-2912
agratrexhg,962-355-5922
vyessonhh,459-892-7535
gfaashi,641-268-2950
ltuckhj,946-764-5200
cwringehk,711-385-5251
mbrislandhl,712-987-8662
pellerhm,833-186-9385
nassirattihn,181-921-8521
pbruhnsenho,342-491-2203
idashkovhp,978-708-6640
esummerladhq,103-160-6140
rvarlowhr,132-124-7957
cmarczykhs,869-222-6660
bcowserht,849-307-0572
enarriehu,989-140-0252
nwaddilovehv,945-790-0894
kmatehw,799-966-4532
xvarrowhx,712-246-4339
bkanzlerhy,659-874-4300
mianinottihz,950-464-4031
dneilli0,174-320-4689
lklaessoni1,313-657-8315
cwroughti2,665-840-2712
caschi3,570-457-5760
cyanelei4,473-501-6883
gbeesoni5,630-151-3976
sfantoni6,905-712-4999
ecoskerryi7,880-811-4704
clindenbluthi8,245-111-5183
taggisi9,545-189-3244
sbittenia,829-825-3216
nagglioib,465-162-9414
croslenic,497-170-3417
rdomanskiid,707-222-5332
kmcgrayie,789-624-9255
bfoardif,388-973-9805
pgennyig,659-952-0247
kradkiih,251-640-3773
rrapeii,938-140-4023
fechallierij,580-785-3242
smeindlik,755-891-7069
zmorphetil,293-854-0222
rcurrmim,701-759-0967
lkeniwellin,840-770-3926
vrositaio,310-149-8331
qbrookeip,783-626-2689
lcrowdiq,150-695-5484
mfreathyir,321-711-7905
ageldeardis,534-245-1103
dgerlingit,563-595-4988
ejedrzejewicziu,614-215-3379
edaubyiv,800-789-3561
yreburniw,295-814-9023
oharkerix,243-572-1967
ckisariy,869-614-6561
tmogenotiz,878-182-5320
aderringtonj0,943-440-8630
mkirragej1,915-373-3299
ewallisj2,745-798-9557
hmeldonj3,661-153-8426
ctaleworthj4,701-482-1040
jbuckberryj5,918-336-1711
teasterj6,778-884-0281
gdurnj7,791-958-6554
ablannj8,284-931-5806
lrobeyj9,977-737-8322
jlowersja,455-191-4634
wkinglakejb,259-417-7854
rbidnalljc,348-704-7258
atemperleyjd,774-237-3716
tjouhningje,921-397-1545
emaypesjf,531-102-9220
wrialljg,713-293-4923
emckeonjh,614-681-3595
asemkenji,102-619-6080
tmoritjj,209-978-8054
sshawleyjk,130-189-0618
nmasdonjl,495-562-7235
vsnazeljm,832-646-1812
ableakleyjn,549-824-1999
cdicksjo,343-187-5734
wcalbrathejp,607-983-4946
cmackellarjq,665-189-8784
cmedinajr,926-150-5477
ggarlickejs,285-339-6563
vbeeresjt,742-668-0169
cpuxleyju,506-236-0467
hbannermanjv,403-867-2692
givashkinjw,431-998-6970
gscogginjx,124-477-3653
nflookjy,539-941-9601
jkarpetsjz,761-641-9693
nfritchleyk0,546-159-1890
echerryk1,823-140-7184
bbelamyk2,884-528-9654
mlearmontk3,122-958-8493
vbackmank4,303-559-3919
hmaidesk5,918-800-1171
smquhargek6,717-714-2154
jbreek7,523-783-6253
lyeldingk8,143-511-5520
ubaronk9,491-505-8395
ctakiska,671-832-1957
pkenforthkb,910-323-5454
erotherforthkc,889-479-3535
csangwinkd,354-169-0889
gkatteke,356-354-3726
vspeakkf,988-630-6341
bkarpmankg,901-738-1052
travenskh,751-287-8571
kwhebellki,829-315-9322
lkenratkj,424-522-8654
nmatusovskykk,523-220-4072
ctrussekl,997-118-8705
ksedgerkm,175-245-9774
rmacshirriekn,208-975-7130
lsuchko,160-298-7130
amcclancykp,816-612-6072
lcoppenhallkq,398-911-2839
djerrimkr,357-392-8654
ldimelowks,157-381-6609
cbranwhitekt,515-726-2534
ksallingku,829-524-1870
wlennonkv,199-250-8451
blilionkw,305-881-9386
uswalekx,471-439-6928
mfadianky,551-649-5291
blacrouxkz,860-328-6737
cdeil0,907-202-4495
bhouldeyl1,986-698-6037
cmcdilll2,859-551-6351
aeberleinl3,101-671-9494
caltoftsl4,738-417-1048
gdeambrosil5,983-710-9594
brainel6,981-446-0186
jfifieldl7,741-971-6139
nquarlisl8,464-645-9327
lrumminl9,541-807-4420
vblazala,324-985-2172
bgringleylb,245-248-9304
mduddelllc,706-664-3575
gwurzld,867-606-4163
asimole,729-256-4897
bleerelf,744-554-7412
kgrgiclg,818-301-3508
bbealllh,509-333-1153
lcluittli,165-598-3237
dlinnettlj,799-287-3082
kmontellk,693-992-1991
gberthelll,674-333-5274
tlilburnelm,758-378-9678
fthickinsln,622-292-6042
ostormontlo,900-813-3379
kduddelllp,939-566-7808
bstebbinglq,476-319-7109
prohanlr,319-590-4046
asommersls,426-404-9612
aclaeskenslt,589-653-4547
mbrammarlu,356-704-3397
dgillespeylv,780-474-4469
dclothierlw,174-966-7026
eparadycelx,748-982-5283
mperigeauxly,523-254-5036
jrolstonelz,411-453-5490
rcliffm0,982-359-6665
ggallacciom1,277-433-0988
cromaynm2,338-266-5606
jjervoisem3,639-918-3942
zcoodem4,798-533-1373
kmcwhorterm5,913-531-0502
jgiacomazzom6,691-552-9576
pbowlandm7,714-119-0215
slowtenm8,193-328-4623
operviewm9,634-565-8046
lmottoma,724-272-3362
bdunnetmb,341-344-7517
agiovanardimc,808-240-7592
bcalcuttmd,336-705-5004
kbyfieldme,436-966-3282
nscimonellimf,931-356-0952
tdillinghammg,548-403-9654
dbossinghammh,175-485-3902
gvaggesmi,574-115-3922
kcarlesimj,488-609-2327
abambramk,217-501-0886
mrainyml,599-820-8385
imacpaikemm,191-280-0103
kstodartmn,971-309-4942
jyuryshevmo,451-750-3807
pcaddmp,546-694-5211
llongridgemq,450-521-6372
strumpermr,604-396-5470
roliffms,740-405-9035
rgokesmt,348-486-1482
hlanpheremu,927-305-4573
gmarrowmv,890-575-2599
lenevoldmw,322-642-8238
ikimblemx,791-552-3494
mhorningmy,316-217-9448
bmerrileesmz,562-845-3660
csalamonn0,717-481-1763
kcornockn1,556-764-8397
jhaydonn2,124-281-7398
fdeguisen3,882-400-8468
bbernardotn4,785-483-4992
csyern5,592-933-0413
aalvyn6,531-819-2599
mlibreyn7,823-638-4723
mbullersn8,320-667-9570
cpryden9,189-114-6179
mtitmussna,909-233-4780
mspiranb,344-308-7849
dpassbync,368-588-8244
lbenningnd,959-419-9285
nsteblesne,230-102-6421
abernetnf,604-690-0990
aropsng,618-166-0658
gviallnh,230-199-6235
awestwickni,260-756-6799
gharradencenj,818-760-0575
jdumsdaynk,678-120-5325
dhandfordnl,869-624-2446
nstidstonnm,394-465-9732
jwakelynn,439-443-6005
spiggremno,309-554-6556
zantoniettinp,554-695-3245
ksnowballnq,509-651-0428
starburnnr,973-604-3487
scasalettons,861-850-7852
gpionternt,996-553-1424
pbootynu,855-563-3156
bcoonnv,562-498-2387
aperagonw,774-887-4363
bcolaconx,796-929-3388
jrothonny,653-838-6685
jbendelnz,627-350-6780
ggullyo0,138-170-6818
gmcduffieo1,994-572-3376
mhoonahano2,548-503-7767
bwellingso3,141-635-1204
bgosfordo4,146-200-9255
ccoughlino5,264-184-5019
rknewstubo6,277-283-8832
jtumeo7,126-517-3794
mconroyo8,272-575-4624
tdeblasiiso9,479-795-3670
nboulteroa,546-765-9631
weasenob,850-146-3943
hgohnoc,535-594-8726
mwaisod,691-385-8359
nsantoraoe,478-481-8203
sshooterof,905-980-6780
bwollerog,885-165-8616
ccurmanoh,178-513-0182
mgullyoi,635-621-0665
ajellybrandoj,875-444-0900
hcollumbellok,719-826-7447
djacobsohnol,708-689-7706
tgrosvenorom,116-229-7233
efewon,403-500-3606
pdaubneyoo,583-694-5317
abrattanop,520-672-2941
fscourgieoq,481-586-4941
amarvalor,425-951-2737
jcoleyshawos,491-701-8951
hraspinot,898-955-3381
dledurou,618-913-8377
tmuckloeov,486-640-3369
mduesterow,147-329-3222
blanbertoniox,585-635-9836
claloroy,932-695-3009
joscanlanoz,261-782-8723
fazemap0,491-858-6154
vbunhillp1,931-891-4221
cgaydonp2,358-520-0811
lstitchp3,432-146-1501
tgrancherp4,507-790-1219
nrittelmeyerp5,990-626-9720
dthomassenp6,618-474-9202
edionisiip7,220-296-6858
swestphalp8,933-703-3269
vduredenp9,169-649-7171
acookpa,958-105-5643
fjindrichpb,457-419-8043
wmarrinerpc,312-612-6179
aroggerpd,359-647-2098
mbrunkepe,849-812-7864
baizikpf,616-465-4108
mboaspg,330-419-2501
emcgonigalph,717-782-1320
hsimoenspi,308-364-5023
amylchreestpj,118-832-5225
lvongrollmannpk,240-338-2734
vhardisonpl,312-165-9346
asmidmoorpm,892-490-3620
tfennerspn,542-694-9279
emidnerpo,336-488-5252
memmspp,552-248-9424
ybruinemanpq,497-286-8014
ganteckipr,307-706-6403
thulseps,507-631-9782
fcottierpt,789-967-0728
mivanishchevpu,922-869-4957
mparkspv,278-853-7602
tmckinnonpw,652-163-3195
jedgerleypx,493-159-9039
ghalegarthpy,698-986-3699
amainlandpz,293-644-3615
srissomq0,284-442-9679
mcrosiq1,436-354-2131
nrougheyq2,172-877-4628
mchristalq3,335-396-3679
shobbemaq4,624-565-5860
sbrothertonq5,645-156-1469
mleebetterq6,686-213-9881
jtreeceq7,206-145-4046
atripeq8,478-446-7483
ejohanchonq9,724-793-3652
jjobinqa,167-791-9265
afaithfullqb,159-637-4365
hspensqc,680-170-0539
ibenezeitqd,951-620-9386
ahanbidgeqe,657-728-3434
bdunsmoreqf,223-803-7467
pwindeattqg,106-274-5708
jbendixqh,221-754-5222
vrimellqi,564-262-5323
swillshawqj,487-261-8143
cyarrellqk,519-510-1099
bsedgemanql,426-615-1627
jwonhamqm,219-304-0509
klinscottqn,575-810-7576
ssheersqo,609-880-1880
barangyqp,814-443-0023
vvargaqq,255-840-7477
cmoroqr,380-905-3554
rjocicqs,222-415-0852
mlubeqt,430-655-0229
eflightqu,820-906-3893
mcastellettoqv,110-652-2985
dnegriqw,123-901-9729
snisotqx,785-720-4824
scuffleyqy,482-963-0657
adunckleeqz,498-202-6218
dbooseyr0,202-523-7670
lbeamissr1,808-300-4273
abrickseyr2,965-711-3494
kpepperillr3,604-897-0361
gsivernsr4,904-272-6354
cmahmoodr5,808-409-1010
ssalvatir6,903-972-1200
agiacomellir7,812-524-4035
kcottisr8,129-189-9424
rhaironr9,445-250-0651
imacritchiera,665-277-2737
erandalsrb,882-411-0952
gmcartrc,121-947-6161
jdoddsrd,734-120-9844
lsalzburgerre,879-688-8466
kgrayshonrf,428-511-3145
qmarchettirg,155-464-5660
eaubinrh,962-266-9698
amicori,738-121-1578
cwhalebellyrj,857-116-7232
boggersrk,811-824-1740
fburrrl,673-548-1527
elabrouerm,279-284-7257
bdanielyrn,572-586-8579
wvaleroro,552-103-0186
ravrahmrp,120-259-5355
jmcinnernyrq,199-382-0321
gpethickrr,762-643-0087
