name,phoneNumber,email,password
kmathevet0,337-615-0253,adast0@networkadvertising.org,cC8>?>o+n'df
lsiggens1,518-557-3880,bkleinstub1@imdb.com,hC8#rnCi%jz&U
sberry2,404-414-9875,cmustin2@deliciousdays.com,dN4/@$$i+Wn
ychard3,179-254-6762,sjura3@businessinsider.com,pF9#RxPX/><
jtitterrell4,657-445-1162,sserot4@vk.com,rN7/o{PY6
obrawn5,203-992-6569,vkellick5@4shared.com,"qA2*""c'&\FqXM"
ccaldicot6,771-955-2006,scrocken6@booking.com,pQ2|lDhq+V
cvisco7,300-697-3578,lblanchflower7@reddit.com,tD4>CRtphU+mIG
wyarwood8,940-135-3387,mmatuskiewicz8@stanford.edu,aP4>a2BvWZRVn)g`
solivo9,771-514-6542,kfern9@ning.com,"vR1,g3zp4U}s\"
cibbsa,808-620-5308,hhansela@buzzfeed.com,"sU7,G$|h1d%TR2~"
afarranb,503-231-0395,uskillb@seesaa.net,aK9+2</zZo9$6
gcrispec,974-466-7742,rdrummerc@slate.com,bE1`E}8hS$f
dtowerd,833-380-5890,apitcockd@acquirethisname.com,"pA3}!""*H`,vH!ew#"
ngerreye,344-946-4452,hhotsone@nationalgeographic.com,rT9`K4+dXKNz'xL4
cgornerf,804-671-3578,xmulheronf@biglobe.ne.jp,jS6&H6i<e($
ibereg,902-306-0073,jroong@xing.com,"cE4""$71n#i"""
gparslowh,360-255-8802,mphilbinh@biblegateway.com,"hX0""HxZ}MguQ"
cdoalei,785-872-5513,sgrimsdikei@cmu.edu,nM9?~HblJAq
ahoffmanj,283-637-5649,yleefej@edublogs.org,"hJ9@n9AMU,I|d~v"
ahewkink,877-547-3124,lclashek@hugedomains.com,nQ8#t=>YZu!
eperaccol,444-298-2552,szumbuschl@umich.edu,cT0$bFI.
abutlerbowdonm,460-738-8512,rsooleym@mit.edu,zC6`*HKgE
fboddien,865-528-4736,ccaskeyn@linkedin.com,"sT6,iN2f(lj'"
bartiso,571-294-0131,ccopsono@xrea.com,jV3==z'1AWp
graoulp,863-195-4666,amarteletp@tamu.edu,dW5`b8lj_A?
rstowellq,116-336-8786,aupstonq@linkedin.com,"vI3{k,M1lG}P"
aselborner,799-907-9078,jaddicottr@biblegateway.com,lJ5<TI_42ac
ciacobinis,618-754-6650,jsouthertons@dot.gov,rH2>G6d}!
mwarket,904-644-2325,alenevet@google.cn,tP3|)JV?(S
mlongu,148-730-3591,hsabeyu@desdev.cn,zH5#KDYJI
cmaccolev,959-640-9195,vbeynkev@weather.com,"lK4%R4EGdcGW""z"
ideniskevichw,105-146-6957,fstollbergw@mapquest.com,qU8~rhs!B63vu~l
rissittx,561-444-0119,tyouelx@aol.com,pZ4)sP4sP#p>
pkehoey,272-353-1696,pkennermanny@networksolutions.com,kJ0~#Sl<g8
fbattrumz,973-433-0069,rcollibearz@cnet.com,fC1~bWUs#$I5LPy
cyewdale10,894-940-0087,perb10@prweb.com,lW5*#CVnc9/=p
krissom11,582-320-4944,jstamp11@tinyurl.com,nJ2})C`S?OXi<=
lantley12,905-848-3870,lhawkslee12@typepad.com,aO4..|`F/>
zdysart13,429-650-0049,clearman13@aol.com,"sL6,4GtB'#YB%~6"
clombardo14,915-201-6413,cheald14@hc360.com,tG3|Y2Nm
cworland15,414-310-4548,csterre15@canalblog.com,jM3_z870Fx#u(O!
nmac16,667-589-1999,fmanifield16@webmd.com,zY7`Tcg/.e%p0h_H
wjimmes17,567-450-1747,bmeikle17@cbsnews.com,zW8{ve2~6x0MluTX
mmcmanamen18,332-423-8676,ksex18@google.co.jp,hG0#<sw?x
jcecchi19,860-971-8362,eluscott19@dagondesign.com,vD0>qZiozk
kpendleton1a,862-910-8957,rcuttings1a@ask.com,mX2_wUog?Rhbukn
gpatriche1b,311-593-1884,jmatias1b@disqus.com,tQ7*wI{Isyha>b64
cburrill1c,186-967-7600,dtrank1c@cpanel.net,dL3<h<<'
abeecraft1d,257-153-7571,mcattonnet1d@histats.com,vD6$~KAhhtg%R
onewdick1e,501-937-5396,abentick1e@sciencedirect.com,kC5?9Au*a~&tEXL
nhowell1f,352-698-3718,poriel1f@cloudflare.com,"hG3+w4""jSQgm"
bleffek1g,604-732-9729,bepple1g@phoca.cz,uI0*i&91Gw)
mmccritchie1h,826-393-3684,mluno1h@ycombinator.com,jO5?j+XL
rbeckett1i,793-870-6387,aplascott1i@reference.com,fQ3'<@rMLmj2en
igarwill1j,235-975-7882,bivanshintsev1j@thetimes.co.uk,wP6&6)%.755I|'&
rcomberbeach1k,212-276-2840,sshone1k@columbia.edu,"vR3\M6ZNq,"
cvowden1l,972-414-7303,jmidlane1l@technorati.com,iV0)ytC8Cq(R
achesser1m,425-354-7369,agrafom1m@linkedin.com,hB1~a}=0kj&TVa
lcockitt1n,638-824-5070,rbootyman1n@guardian.co.uk,"eM8_4&vWu""wRU"
bfautly1o,803-981-2133,roffener1o@yahoo.co.jp,zC1*8'ADBC+C
lbambrick1p,524-130-1868,mwhitesel1p@furl.net,hR3*q7aoW/
kalben1q,500-178-0003,mcaldecott1q@census.gov,"hM6{,*(!c1&)svR"
rgarvin1r,788-108-1642,sgodbald1r@dropbox.com,gS4(oP2<`w|g)
kfiddeman1s,283-185-3096,rogers1s@meetup.com,cR6@'WuuW
gelders1t,462-217-2130,adovydenas1t@deviantart.com,xS9'zA~3X4<LAzgb
nstopps1u,325-950-9802,cquince1u@salon.com,jB2*$l\b30qO+
rgraffin1v,456-171-0442,nscorton1v@elpais.com,"jI0!AIRdQ""cz+c"
rkmietsch1w,665-235-6724,mbasketter1w@amazon.co.uk,oQ2<_|isp%m6jopE
apessold1x,361-361-0832,fguichard1x@nasa.gov,"eV6=1\,j"
mweems1y,864-421-2028,mcaroll1y@blogspot.com,rI9<!}cb}hHd
dfeehely1z,374-850-5549,jprydden1z@google.com,eF3@y|UK}j754!?J
dluebbert20,698-873-7822,ckohnemann20@angelfire.com,bV6)!qz_at~HnO
tfakeley21,610-526-5966,vellwell21@sourceforge.net,yD0/3}kRD7'
jferroli22,574-620-5653,rhughf22@163.com,zA4{.8L7l
asilberschatz23,223-351-0454,sdodridge23@webnode.com,jS7!}sD_e`4X$
twackley24,772-387-3348,chourigan24@loc.gov,kY9$9elfe
kbriggs25,691-490-8662,ssells25@live.com,rK2/D*6_
cguilloneau26,331-777-9659,jstuchbery26@skyrock.com,hR4`u|@a@l
hlivesay27,256-819-8919,brebichon27@twitpic.com,zC2_Vohxrfo
commanney28,447-973-8223,ebestall28@sfgate.com,"pP4$4$_~8""_j"
ggozney29,466-692-7185,rtomes29@123-reg.co.uk,iS8~yIy@$xh
jedgecombe2a,392-604-2366,jmacparlan2a@mysql.com,"kS2@g{$?,"
borpwood2b,812-694-8337,kpaulsson2b@phpbb.com,"mZ0\*f?T{slFO""m"
shartus2c,171-669-2697,gritmeier2c@dmoz.org,cD9!F+/B<e)&
mpescott2d,549-191-0977,thowtopreserve2d@spotify.com,"iF4&90pJ+Qi,o\"
bhardware2e,617-846-8628,sspatoni2e@godaddy.com,zB2(nTV~y\>NMV
cmarzella2f,899-893-2498,jcawdell2f@bbc.co.uk,"rW1@n0""L"
lpanas2g,507-421-7998,jvondra2g@elegantthemes.com,sY2#Yq=)L2{k
wpluthero2h,419-503-7043,jherkess2h@studiopress.com,"eP5*@RGWdHF/,7T"
bhiscoke2i,122-348-4199,eperone2i@opensource.org,"qN7,)@&u|w...+0"
tstraneo2j,593-857-3208,rridehalgh2j@adobe.com,cR5}!.xH
tdrayson2k,289-749-9321,pcharer2k@example.com,nW3|Z&ni{A{2m3dg
wshewring2l,300-765-2805,bmaling2l@nytimes.com,mQ4\m1%.k
sdaeth2m,689-389-0619,pbouskill2m@virginia.edu,gD8+wYAJOGy$
kbowerbank2n,314-514-8273,gwerrit2n@google.ru,sA0`8jqS'C
belcoat2o,184-221-6440,oyoud2o@ucoz.com,"dT5(7q{C,A**"
awapples2p,919-386-3476,afireman2p@squarespace.com,jN1#IETAIQ{i6
rmeechan2q,694-460-2825,gnials2q@nbcnews.com,tV3$C+&\_'#kk
dwyllie2r,490-835-8807,tlapidus2r@time.com,iF0\'WFW6E|R)
evangeffen2s,290-795-0557,mkahen2s@wordpress.org,rS5`m~Y8o'R.4W
eboydle2t,730-978-8801,apettendrich2t@topsy.com,iL4?~OB~id$'4w
clepine2u,702-608-8790,mklima2u@netscape.com,hZ2=gCBm26lLfG
ahindhaugh2v,132-489-3883,rkovnot2v@nydailynews.com,nR6+cI*k+uK
omathy2w,836-311-9246,dhatherley2w@vimeo.com,"iQ9,OICjX"
ahartzenberg2x,634-131-9212,peglin2x@mapy.cz,pC1!J%4KMW8D%
ofrushard2y,683-370-8642,bkeates2y@statcounter.com,"bE9!f{_v2""u"
rsmerdon2z,866-719-6324,aheber2z@example.com,jJ2!ilsN.m5$dBz
cwileman30,863-431-1094,itear30@parallels.com,"vV9$&yL,"
rbondesen31,656-608-2256,jpomroy31@tripod.com,"sY9~sG""'""qv,jaf"
bbevens32,605-932-2228,lmioni32@jigsy.com,pA8}IMSC
eadamkiewicz33,281-680-3793,nsmithyman33@buzzfeed.com,"uO1!_9AcNSGr""t>f"
cheeks34,900-742-3427,dbushaway34@pagesperso-orange.fr,sW1{s=FOC5R.
ivargas35,200-640-8671,bbruineman35@upenn.edu,bN5(OI`e\
cwaterfall36,196-557-4840,browesby36@amazonaws.com,"nN0+s}\""goll2i"
khellyer37,431-482-4176,kbrundrett37@addtoany.com,lI6<a@gqQ
dfarthin38,414-587-4943,mswadlen38@theguardian.com,tL4<y.Ma'dA
aspurdon39,937-260-7053,aelnor39@artisteer.com,xA3>{u(\*S
wgiannassi3a,742-367-0641,ttritten3a@geocities.jp,cY4&VCAVAEnlz
relmar3b,977-955-4633,lingram3b@furl.net,"mI5+DYx\Lsh?+6,_"
nhammerberger3c,148-921-1402,ctenney3c@yelp.com,"hH7/%6/dN""y"
gllewellin3d,345-537-3673,tscarasbrick3d@nyu.edu,kP8&1.ew7B@
owingate3e,652-940-1917,ahampshaw3e@instagram.com,"xM8~""3""&rgZ*4"
jkeppy3f,258-582-0108,ggriggs3f@ask.com,"wC8)Gg.c_,\4"
bsawart3g,976-728-6262,jkemer3g@businessweek.com,xD6_<){CG
ceverix3h,564-521-1767,schessun3h@t.co,oM1%.f=>a4
lrothon3i,984-918-2630,cmayfield3i@comsenz.com,cN4%5?x6NXc%
nbackshall3j,587-316-0828,ibenyan3j@stumbleupon.com,"wW7""X2_iqg/wO~T"
dcranshaw3k,620-327-4264,pwanklin3k@rambler.ru,mG7<aE<)WM*FSIU
rscanterbury3l,981-597-2616,cosgar3l@yellowpages.com,jG7<F3'v5PUW{8sI
rhousego3m,559-503-4796,fceaser3m@miibeian.gov.cn,"nR6\iMX#|,n"
bnassi3n,423-730-5375,hdummer3n@seattletimes.com,"xS7""6hovdHM""1&ss"
gespino3o,552-100-1614,dpharaoh3o@skype.com,rM6+}'#>ej
fpuckett3p,643-689-7395,ogrigsby3p@ftc.gov,eU2+<o6Xh_7.
mmarcus3q,575-335-9642,sfost3q@businesswire.com,rS3`#Ey!#!b
javramchik3r,154-511-6280,mdyers3r@vimeo.com,hX1!i/1<~%M
pcotsford3s,643-377-9905,rtyce3s@ehow.com,qH4>=K_b
nquainton3t,707-298-6596,tclutheram3t@cornell.edu,uT5`R)!!wkO)
fmccaskill3u,574-488-9628,lkarby3u@toplist.cz,kT3)Zb/+
nbavage3v,862-724-8005,pwadham3v@blogger.com,lM1{$vhkLh'b
lbiagi3w,488-322-0002,elobell3w@arizona.edu,rT0~.YT|D~V
kgiottoi3x,341-246-3859,enetherclift3x@omniture.com,"sK4>oH}@}R,0v"
tnockalls3y,485-909-0326,atrace3y@nps.gov,nD1)YAQuE00
tbeckham3z,508-848-1127,csmythe3z@hud.gov,bE8>uN)B&}EL)V3
ftempleton40,341-214-6708,mmckern40@symantec.com,uV4>UQ#i'cL$aa
mracher41,690-878-7032,crizzetti41@princeton.edu,"oB4@gvX,$"
dcapewell42,769-410-4606,zmcevon42@stumbleupon.com,gH1&t8t)w<
hjedrys43,302-378-6634,ndayer43@biglobe.ne.jp,pY8@5*ovtQ=/#Jm&
oridsdole44,603-965-0878,adoggerell44@hhs.gov,sT0}U`6@`
ebickerton45,888-283-0318,ldebnam45@nps.gov,lD4#a8TyZAh
cpfeffel46,807-125-6510,afloyd46@sogou.com,tB3<NF1uN
cgoodfellowe47,867-722-5554,khuxter47@bloomberg.com,"nB2}{NppI"",S_"
kdigance48,465-197-2104,bsaice48@devhub.com,gZ3~eUhW
dheffernan49,175-581-1264,tmartinho49@cbc.ca,mU2#kVMElo
rperel4a,672-404-4418,cjanicki4a@meetup.com,vK2)``4}>M%{k
riredell4b,651-698-2340,knickless4b@woothemes.com,bJ4@X!qjxg7?s0zE
cgoodfellow4c,717-595-4153,cstorer4c@com.com,yY6&Mj6}3!p@Opy{
kmouse4d,165-308-8288,ccardall4d@dropbox.com,hC0@4n'eM|@8
adraco4e,459-144-1995,gelloy4e@omniture.com,xS2+lW=&*HeMc1g
ehardinge4f,516-813-1589,bpettendrich4f@constantcontact.com,pL8%?3@|
bcantle4g,726-718-0220,rwiggans4g@squidoo.com,pD6!|D~X\$
lrennocks4h,674-509-7667,jgiampietro4h@hexun.com,hE0?VOqY<~#qvN
cstrowthers4i,372-651-9436,lsouster4i@deliciousdays.com,kF6>A1fv
gchristescu4j,481-904-7202,awhipple4j@tiny.cc,tB4%HD$i{O
mlickess4k,548-910-2347,etuminini4k@nytimes.com,rS9|f?4H
sfenny4l,923-869-5252,ltwelvetree4l@opensource.org,jG7(7rOi`2oj
ptomes4m,483-759-4119,gbeeze4m@wired.com,mI5+2L{pNBu!z
bbutton4n,878-592-2732,amansuer4n@earthlink.net,mA9@vS0uFzM@2T
ochown4o,915-597-8869,gclubley4o@bloglovin.com,"eD3+B5OL*GRK""u"
ekroger4p,125-209-1121,nbetteriss4p@phoca.cz,mK0=&yIqSUb?
rcapeling4q,840-424-9717,ebaumaier4q@gnu.org,hP2>z9Au?WK)xh9
ogoney4r,456-215-0753,sharbottle4r@nps.gov,uS7'$Oao3+e{)y
oshatliffe4s,427-731-9061,xdelhanty4s@elegantthemes.com,kR8!y6yxr8
jandrioli4t,709-381-3023,kcordingley4t@theguardian.com,mF4'hq*%$9Iu
zhadgkiss4u,218-368-2757,qmartensen4u@nhs.uk,nW5>=m3D(a
fmcenery4v,460-856-5794,swhelpton4v@hhs.gov,eP1.YHiAs*A@
jpanketh4w,791-141-8624,mforsard4w@nationalgeographic.com,"tX5?YU""@"
wlamberto4x,132-103-0661,pvevers4x@nyu.edu,nH9(iK3XmrV_
thrycek4y,316-599-6115,astainbridge4y@wix.com,xR6/fUiTz
mkohtler4z,815-597-8884,smurby4z@reddit.com,oH8|Ch?X>VPMyg
ajosselson50,530-553-1443,wslidders50@drupal.org,oW0#/sLjC
ademageard51,820-811-8529,calp51@ow.ly,bR7'=*Xf2T})
akille52,110-405-8932,echsteney52@narod.ru,bS5#&ikNiQ0Y8sF
ipiser53,440-664-9535,mfielding53@dailymotion.com,"oJ8\eY66et,"
vpickston54,557-949-0216,bbayman54@usnews.com,kT6/PCN#
agreenhead55,982-281-9444,hfforde55@t-online.de,kV1#u*%WF*t
oluckman56,756-152-8071,asyddon56@typepad.com,mO9**F{.dT'
kbraunlein57,376-306-0009,flambden57@miitbeian.gov.cn,"xS7?qie""@K"
bbelone58,864-732-2989,losichev58@hubpages.com,cD7|23Q/SEYe
kstacey59,430-906-4555,vpainten59@google.it,gO0~0ZzTW
jmclellan5a,824-545-6252,fkilroy5a@wsj.com,kD3%auue
rwessel5b,267-471-6653,jmarkova5b@scribd.com,hO8~D/ztg
lpawlick5c,613-602-4444,fching5c@hp.com,eH5`w*D{~
blyenyng5d,841-388-4524,mhuller5d@flavors.me,qW7_&T)$e8#M#I
eedgington5e,357-380-1242,spoulton5e@netvibes.com,yE8=PrsjP5
lgittins5f,110-328-4202,dverheyden5f@dmoz.org,kG3+l'~URyc
aaitken5g,211-565-8539,mheath5g@state.gov,"hF3""%K+K"
cneave5h,646-477-9816,lhan5h@reverbnation.com,"uB9|J35,_uP}"
sitzakson5i,464-748-1937,kgumme5i@ucoz.ru,xP2=1d<Q{)MD(
cmcgurgan5j,640-706-9250,pbiggerdike5j@drupal.org,tU5%z~R_)scxQr
bnewing5k,607-599-3401,krupel5k@indiegogo.com,"rO9{VmF)1g""{A(6"
mfucher5l,839-483-3612,bgillino5l@cloudflare.com,yB5)5?OIF
ebernocchi5m,617-392-3599,istenson5m@yale.edu,"aA3,>ihV<j2dZw_"""
anicklin5n,144-555-3863,bguild5n@usda.gov,"dS9`_t8l.eV"""
cduesbury5o,619-835-1574,cpavlenko5o@berkeley.edu,iP6_iu*qruf
mgerin5p,438-118-2903,scraske5p@bigcartel.com,"fZ7)~a""C}D>P5Gj"
vkarpol5q,924-673-2404,cdeguara5q@gmpg.org,xQ9$@4'&aL
eweddell5r,442-755-4823,nbello5r@smugmug.com,jA9${R<|F
nkeetch5s,275-801-7623,lcampanelli5s@hc360.com,wO0~wx(Ylvke=i
rheathcott5t,837-174-4839,dpinnigar5t@etsy.com,jG4_3bGLRBFl5P.L
glansdown5u,544-281-3397,slawlie5u@privacy.gov.au,"bD6""gWx9)fd(Y%u"
cholmyard5v,907-296-7541,ftukely5v@sciencedirect.com,rG8<?Od.lylN
gdiruggero5w,577-829-3009,smcfadzean5w@ucoz.com,bR1<}b/6#U
bnacey5x,158-910-8607,mnapolione5x@uol.com.br,jU4)}reeZ08~
psawter5y,208-386-2996,gmaris5y@yahoo.com,aP6{yc1pM
rrelf5z,587-654-6145,rduguid5z@earthlink.net,zJ3?m)mJ$Qj&fp
griepl60,349-336-4953,agiacomuzzo60@trellian.com,jW4*pr{x
chuison61,341-878-8542,tbrickdale61@foxnews.com,mF2!/xNEU/uq!|
redbrooke62,763-781-6060,lgeoghegan62@addthis.com,jL1~9A'Qm
jpavelin63,561-546-6470,voloughane63@themeforest.net,dT8|FYZSv2$yS
aattac64,918-396-1764,etopping64@go.com,cV1_B%IhLrOrh
btootal65,175-156-9311,vcissen65@biblegateway.com,sE4$JQHn0(7n(WJ
acornish66,108-557-8138,mniece66@craigslist.org,"pT7=S@,vC"
gbirkin67,836-668-0693,aclark67@youtu.be,"jC9,""3&2lJlXgCFN"
jpieroni68,287-475-4855,kmabee68@smugmug.com,mB7\\o&C#>
apetroff69,619-747-1295,guff69@ca.gov,oT0&UuMtMqIX6zfr
acullity6a,419-180-6727,ispong6a@wordpress.com,kZ9%MvHU\z
oyakunkin6b,598-126-3769,skettlewell6b@abc.net.au,jD8`eH_OHf<f
sclemont6c,377-776-2119,ryurov6c@goo.ne.jp,dE5\u~A1P_K$xa
dwhisker6d,279-722-4043,amenci6d@ehow.com,tV0<\`r!d*
wskeech6e,237-134-0734,dwynter6e@ebay.co.uk,"aU3/Y<hEh(+'""f"
oizzatt6f,773-120-5148,apayton6f@theatlantic.com,sV0*JXzxv7pn\8
rlightning6g,846-918-8095,mhaskins6g@icio.us,"uZ9*,F4npTXHy"
dpratton6h,213-995-6049,rlevene6h@salon.com,vP9#8v+k`G
aclint6i,457-622-6459,cfreeth6i@java.com,"rK1""cgaxmKocZ_"
bskeggs6j,692-397-4783,dearie6j@unc.edu,qF8'@#VrpB00N6I
dmariyushkin6k,442-986-0594,rhugonin6k@t.co,hH9$z<TL8MR<@U}?
pmaas6l,529-277-7888,cskull6l@jimdo.com,uP0{o1k43&yc
acruikshanks6m,803-495-5372,vburd6m@wired.com,"yZ4,$joQLqA"
espeight6n,450-802-0659,lsinfield6n@opensource.org,"jI5,eMX<O#j_&RS"
skissick6o,599-793-6410,tsparey6o@bluehost.com,rZ6)66F~+z8N$Ak
hwinn6p,806-349-8540,ltosspell6p@unesco.org,"vT6<tB@*{/%,V"
dcollough6q,698-368-1068,lhedan6q@reference.com,mH4(()9!%
ecallaway6r,742-357-5836,dsedworth6r@angelfire.com,aS9=w$F86/0jYW
pmcritchie6s,422-266-1881,fpeacey6s@com.com,zE6}Y&<KE?
esale6t,221-310-9497,kgrocock6t@sakura.ne.jp,rG2`>&Lc&b_c=>C
ltunstall6u,628-132-6253,igrzeszczak6u@youtube.com,wB8(|j4R
cluberto6v,710-940-3112,mgilhoolie6v@dell.com,jG1.e/YB*P|=6E>g
meagell6w,576-658-6549,llocket6w@xing.com,qK9'!?`h6onERnG
pdudderidge6x,725-382-4803,akiendl6x@netvibes.com,kH5/A%*lx!RI
awitz6y,615-546-3111,pgreser6y@google.co.uk,nV3?\`\#}fCJAD
pabrahamoff6z,106-290-4019,fferschke6z@google.com.hk,rM3+Os8eFlSg/
sloosemore70,907-527-2536,ahabard70@chron.com,lI7!byKWhS~7Tb55
sbarbary71,168-739-8726,lbushrod71@nba.com,"iR0!dI<a''B=P,h"
rgreenhalf72,481-367-8942,tstebbin72@gmpg.org,"sB3*+(?8_m,!"
amcmennum73,886-842-5659,cdavall73@goodreads.com,hM1`3nvdl
leagan74,457-811-1418,thornung74@tumblr.com,dJ4+$$DNI\CKMF{&
vthon75,314-574-3135,loehm75@comcast.net,jY9{LtLrI79
egoudy76,510-581-7524,snyssen76@bbc.co.uk,iS5?7R~jf
hmoynihan77,615-857-5638,jmolines77@odnoklassniki.ru,qW8$TAaFjik|oG{
swedon78,429-798-5343,gderell78@quantcast.com,"sB2<x5|mz5""(Ed/d"
bbrahams79,929-355-2431,tquadling79@theatlantic.com,bD6$}<u0>FB5`NFu
rtabbernor7a,570-651-8312,jbuche7a@mysql.com,eO4)+0fql`4>xdMQ
phylden7b,113-881-0012,acharer7b@smugmug.com,nJ5'tXR~77
wbediss7c,415-239-3846,ccore7c@tinypic.com,eX3}acx9M
mcowndley7d,749-266-7169,aaggett7d@ox.ac.uk,hU3$z>Lw\WWTo3
mambrosi7e,499-314-0849,rcawthery7e@npr.org,sH3?K\}(UR+_Yo
bdafter7f,968-550-5818,atsar7f@booking.com,cL3?++>VgDd<V
spellew7g,215-259-0344,uainsbury7g@sogou.com,vH6!5ne!VI*>_
blink7h,280-495-2713,wfairlaw7h@hhs.gov,fY6#nr)dK4/Vv%4
jroulston7i,163-636-1207,nchilderhouse7i@craigslist.org,xW4'qR!>
vmorpeth7j,234-765-8680,vsturrock7j@theguardian.com,"jA9""<)g5L4+Zd"
devill7k,771-953-5181,mjaneczek7k@constantcontact.com,fC1<}192
pmoscon7l,262-784-1241,ckolinsky7l@ucoz.ru,"lR0""$MfX5{/"
cshanley7m,679-460-5243,nvela7m@woothemes.com,qN2\3l&q8.>y
wstannett7n,160-775-6745,tgrinnov7n@nationalgeographic.com,uG7|=G}!{Y
svanhaeften7o,974-857-9272,rhayton7o@gnu.org,"aY0""8u)gAOtoz("
ctreswell7p,881-178-1066,asemaine7p@topsy.com,qQ6'VtIO'{
eribchester7q,726-252-5654,hruse7q@wufoo.com,tW5..sri*
hraatz7r,531-145-4523,fharrowsmith7r@sourceforge.net,eO7<LUFf>A#
ahodcroft7s,592-483-3081,hgiovani7s@mysql.com,kB1)8cOC&
swones7t,429-185-2924,vmegahey7t@naver.com,kK8(lAr*.e0R+
obungey7u,920-290-0150,abreslauer7u@yellowpages.com,fY0\aWVTZcyq
tussher7v,410-639-5130,dfawthrop7v@php.net,"lC6'K7@#,zHcK"
rgawne7w,841-635-9602,agrundy7w@baidu.com,kL8)8+e>FsB
arockell7x,609-849-7541,aleggen7x@biblegateway.com,"kR5&Ci*{T,K&c7O"
mnorthidge7y,276-908-0354,mcalveley7y@yale.edu,"oA7,Y,}<=tg\"
vfurlonge7z,262-562-3560,cdelcastello7z@goodreads.com,jA6}NBOp
mfrancescone80,370-227-9099,sreaney80@booking.com,"oJ9,w<A}0oD#q"
ofoxwell81,222-465-3833,kzuppa81@canalblog.com,sD0{A8a\
cquadri82,188-887-1482,nmarkovic82@fastcompany.com,hN0&cYB_<mY0I@F*
kmemory83,995-231-6407,tmattiello83@yahoo.com,aE9_B%/V
cfanning84,944-166-0890,bcamilli84@cam.ac.uk,iT4$e1%`>
mmorilla85,318-793-3129,swigg85@nbcnews.com,wZ1\\%R|eia
lfitzsymonds86,113-816-1819,mshawl86@bbb.org,hS7}F+u9R
lchicco87,309-735-2308,escherme87@webnode.com,wU8<akz'Zurl
jhannaby88,549-451-4816,wlamp88@trellian.com,uS0*F(s6D0(~L
apaddison89,378-969-3850,bsnewin89@smh.com.au,fN0$B#=z}+KW4lYy
cfinlow8a,113-841-6828,ygarrould8a@yellowpages.com,zU7$.$t7Bs
sansteys8b,252-555-1278,dbuckthorp8b@freewebs.com,iU4(Rq@?R4Y
rcluett8c,813-207-1565,ghazeley8c@wsj.com,jQ8}XpmW%Dq|#CO
erehorek8d,227-797-6115,bbutchard8d@discuz.net,wM2)5>)vf3{&EFx
seakins8e,592-123-8218,msirmond8e@google.com.br,aP4/j8X7
bcritchley8f,461-380-0528,bprater8f@microsoft.com,"eG9_A2,D,Rn0TgO6"
rpitrollo8g,575-741-6617,afaragher8g@unc.edu,xY1.0srDvp
kmarling8h,951-100-7155,nyashin8h@delicious.com,hI1%RdXg
vcurl8i,436-423-3030,gmallett8i@live.com,yH4)M`<.
cdemarchi8j,924-114-7518,jangless8j@infoseek.co.jp,xI9|*ozt~ATet2J
kdrewell8k,402-969-2766,msainteau8k@cdc.gov,vS3'3(=QrqH2}
tmoreside8l,800-477-8490,amurison8l@vinaora.com,"sG0$""s>!c\t"
dgarham8m,990-558-9476,sbiaggioni8m@nbcnews.com,wG1<(+Ld2
dpretley8n,345-308-6583,lcurzon8n@pagesperso-orange.fr,oZ8@!tN|5o/qY
fhoggan8o,113-641-7550,ikillich8o@army.mil,lR9!#>s?Lv
sboschmann8p,648-746-5976,dbisiker8p@constantcontact.com,hH8#.@|_L05
gbode8q,637-270-5762,wmabb8q@liveinternet.ru,"hA0$""@4P"
ceberlein8r,603-852-6204,dbettington8r@cmu.edu,oA3!>Q%X
smennell8s,796-593-1625,tleadley8s@stanford.edu,hR8&?$Y3*K7K
hdwerryhouse8t,272-581-2488,lmaccathay8t@spiegel.de,aP7}9'M#Xr>
bmelloi8u,851-885-8817,lmcdowell8u@intel.com,dI6}T*E&EMu0
uselvester8v,450-145-3572,tcottie8v@instagram.com,pH6&Bgoib%V
vcrewdson8w,626-312-6492,avondrys8w@addthis.com,aU9@RLWD
kpischel8x,425-539-6160,bpantlin8x@mapy.cz,"uV9)i!""5Dl\5"
ldoxey8y,925-798-0731,tkembry8y@amazonaws.com,eC4(_ZPbQ83$
rfawssett8z,249-241-5842,cwiffield8z@e-recht24.de,"sC5\q$0""_Jl3"
bgytesham90,978-110-2200,ewellstood90@harvard.edu,jN8?Q_u&t*@w
smidson91,747-808-7480,rgath91@addthis.com,iO8_O?G'
akarpenya92,848-343-4825,awebb92@squidoo.com,"zC8""'rG917!q"
agoldie93,607-857-3625,bshear93@hostgator.com,"oR0>Jbl%8p.,@"
jnevinson94,117-493-8684,sdommersen94@mashable.com,fK3+$|{CfE
eneillans95,217-802-6921,crickaby95@ibm.com,sN5)4_akz}f0+w9
tglennon96,429-877-7817,afellnee96@marriott.com,gK7>*$6AQ+~
mkirkhouse97,738-731-9454,hmclay97@edublogs.org,qR9@`j/udi>\
ebuttwell98,432-583-4404,msetchfield98@i2i.jp,pD8(K4r{>ix
cerrigo99,822-729-2100,casplen99@umich.edu,sI9?P~\3`M7
jburdis9a,947-976-5141,hmcskin9a@mail.ru,cK0?MCVzTt0
glindsell9b,826-929-8310,simpy9b@globo.com,oI2<GYy~D
blavalde9c,639-778-9567,ekarlowicz9c@sfgate.com,"xK9@O{""Mc"
sselwyn9d,353-365-7564,joriel9d@cocolog-nifty.com,fF8~y#3X$K
gcoen9e,856-756-2197,bskerritt9e@tamu.edu,tY8)mxqG<
mpoller9f,210-923-4730,fokane9f@ed.gov,vB0_NybHpB~#`
zdumingos9g,648-946-3098,treppaport9g@people.com.cn,"sD7,KB#|i~7"
glibero9h,264-214-1283,fbonafacino9h@cocolog-nifty.com,"iC9|VHt,C_""5W"
nkuschke9i,665-575-5689,aperillo9i@ezinearticles.com,zW0}OA'Y
jcaff9j,694-326-9730,gmartinet9j@msn.com,"tW1,um@6"
dkingsnoad9k,706-517-1241,rshaughnessy9k@purevolume.com,"jY9=kFOf,7y)!|7t"
dseeks9l,159-741-0245,wbusen9l@globo.com,dK4#1_nRJ$h)n%
tprier9m,626-196-7634,jalban9m@furl.net,kY2#f$dqW9
pcrudginton9n,713-311-0204,rtumbridge9n@bizjournals.com,bF4@1P3V{2e'
dsmalley9o,113-476-3169,tantonellini9o@techcrunch.com,fR1_C&Bki@J|P?lz
tmesias9p,228-503-1727,lbloys9p@answers.com,tP8&(L.JtAtMs
lchomicki9q,938-246-1288,rwhite9q@eepurl.com,lP5.&c(byV@B
chicks9r,109-366-0525,ppeaker9r@alibaba.com,"rH0<,B|fht4Owe"
mcoverdale9s,724-667-2510,kjoanic9s@mozilla.com,hD0'jd5s
ghenfre9t,126-953-1973,mfriese9t@usatoday.com,sD2##Ag99UNpl#?e
gdugood9u,664-409-1270,pcardillo9u@biglobe.ne.jp,"mK5@UOu?lV,L3t("
scarnihan9v,530-435-2388,bhugenin9v@sogou.com,sW9{7JQR>k
tbailey9w,748-815-1642,bbarrable9w@angelfire.com,wP3_9>{s|
rboylin9x,436-200-5286,aupstone9x@slideshare.net,kB2#Wx#*=b
whazeup9y,340-843-1800,ewilne9y@trellian.com,yW3|m`k4
jbuesden9z,416-380-0104,mlacasa9z@gov.uk,"qP7""M3gpoh}rK)%!"
cspensa0,274-108-6040,fronaghana0@sakura.ne.jp,eA9\vI~I}
chaspinealla1,256-230-2415,lpellatta1@mayoclinic.com,pO3{3Q~1
pnoadesa2,355-771-8022,hmeasora2@senate.gov,"oZ3~YSlr3q=c8"""
cshortalla3,927-863-6070,caburrowa3@skype.com,"nV2""5pCTBu,&d\"
femlena4,423-691-7131,smacgratha4@miibeian.gov.cn,"nE2}2VB`y8Q""#|"
bpurvessa5,150-485-7773,kpretswella5@harvard.edu,"iC2_xU\n_,li<s1E"
nmayberrya6,344-945-1451,pofallonea6@facebook.com,fV8~*fbtW|f7k
vraffa7,113-768-4758,sfortyea7@yandex.ru,cG1/y#Wbhy$l
troxbrougha8,624-293-1907,ppossaa8@squidoo.com,fW4(c>rZYUU(
cofahertya9,976-948-2249,asucklinga9@imdb.com,jW8|&AVV)r7<nAw
sstainlandaa,765-435-2761,pkestertonaa@bloglovin.com,tR6_UO1B{lZGR0
bsievewrightab,986-287-0017,bbartoszewiczab@psu.edu,dP4#64B)2=N!7}4y
cmilbournac,831-399-5259,jkohnac@techcrunch.com,mD5=}d.*K
fclougherad,451-559-7641,cdulingad@bigcartel.com,bO7*$p9})B\}
jrawleae,750-708-9736,dvaughamae@360.cn,pU6!wMuMf
hparrisaf,631-714-6297,npaulischaf@etsy.com,mG6>)_tU
rgrimaag,745-936-3206,cdaviddiag@go.com,"wE9>xHHo~,v$+5"
hpolendineah,906-271-2634,wcappah@xrea.com,kW5'XB!>
thenninghamai,169-978-1077,alundonai@google.pl,"uF0|pt@A""h<u6DO"
cmacmurrayaj,588-619-3710,gekeaj@japanpost.jp,sA8.Xj$9
rkeepak,253-256-0878,elampkeak@huffingtonpost.com,bQ5%R7}H
lcasperrial,995-700-6178,aphelital@ibm.com,tU6?K&y2Iyd
abrysonam,209-974-9009,lbowellam@fc2.com,tP0%<TYbVeH
cmacvaughan,491-461-2616,tblackwellan@ameblo.jp,cR0?376kI3_S_Nw
rlitherlandao,596-203-7929,hgoldstrawao@homestead.com,rK1@_ps><YVG`s(y
gmarttap,447-707-9467,emarfieldap@blogspot.com,fG9+hXy<*`as
oherriesaq,448-498-1988,mjazeaq@whitehouse.gov,lL6>5Ej2jEEat}
wgosslingar,463-211-9160,kcaslanear@surveymonkey.com,"xE5""Uco26*$(FS2+"
athunderchiefas,422-354-2284,nhigbinas@businessweek.com,sL7\dd!r7r|
emoraleeat,959-671-5835,fmathouseat@etsy.com,bD2&MqR0fgUR'6lZ
mstowerau,163-893-3346,mpetkenau@weather.com,"mB4=%h_!<"""
bloachheadav,971-433-0355,wilyuninav@ow.ly,rX0\Lq&<Q~t2@o2\
iloweryaw,549-277-4729,dquartleyaw@pcworld.com,bE9_/GG&S
asisselotax,893-515-7863,dinnerstoneax@europa.eu,oB1`RJ+wd8*
alimbay,766-784-0036,tlabbeay@baidu.com,gO6)BIoKQETi
mspyvyeaz,651-827-6319,jcochranaz@addtoany.com,"mR3""$wPD{"
epaszekb0,877-481-2652,gwevellb0@hhs.gov,"zF7""6m6O3"
olamckenb1,243-319-4763,sjakoubecb1@twitter.com,"zU9""ncd9Q|~""'"""
sosantb2,681-583-8983,mmcisaacb2@wikispaces.com,lK8\.!%.2
vanstissb3,989-496-2401,cboldockb3@simplemachines.org,jX1$69=o)8l
fsimisterb4,538-966-5220,pjeynessb4@tuttocitta.it,wF0%?xev5$
swhittleseab5,415-226-1657,sjankowskib5@state.tx.us,mA0'Ad@qKv
dbaylesb6,788-898-1902,eruppertzb6@devhub.com,"oM9!SfB%.""ALl"
aboeterb7,719-230-8862,bpawellekb7@surveymonkey.com,qJ9(Ev{AvL1j*m>
htackerb8,945-667-9853,hrockb8@discuz.net,tE8<&QRLTW
ctwohigb9,395-811-0790,omillgateb9@devhub.com,sD5?g%+t}A9
lgarmansba,888-942-7406,bmetschkeba@arizona.edu,jP7%&'/dt5)tj
vbiggsbb,678-233-3858,mtriggelbb@phoca.cz,hI5/HZ3/
lkrabbebc,805-710-6945,ecressorbc@qq.com,yR8&4'Qob
blamplughbd,675-418-0450,bgoodallbd@ovh.net,"aM4`w{u{ze,v>d/s"
ktraylingbe,739-618-3195,wlecontebe@timesonline.co.uk,kU2<7kk{5`4<vm
agarrawaybf,843-718-1942,lcrocketbf@merriam-webster.com,wQ6_Yrk2S..tL9
tclaysonbg,155-739-6439,gtiesmanbg@guardian.co.uk,"xT9}RE,&d/ZsU"
oendlebh,127-693-6129,grosonebh@google.ru,aB9\#ej|8o
lbalfebi,839-923-7736,jatherleybi@myspace.com,"pP9,dMyo"
trubinovitchbj,771-312-5249,abunneybj@macromedia.com,xR5{F=m1S
ljonczykbk,972-743-9042,wskyppebk@freewebs.com,kK2%=R#9QQ\O{
bshirtliffbl,385-921-1515,jvanveldebl@ibm.com,dD8_%bb6
jferensbm,775-642-1537,aduinbletonbm@imageshack.us,aY4`(Urm
fdunkleybn,647-183-8303,rscarbarrowbn@domainmarket.com,bA7.23KU?t
zelstobbo,366-511-6399,rmontesbo@forbes.com,"pW9""l5<$="
llonghornbp,424-854-3364,jothenbp@nhs.uk,nZ2$%pyBFNldKiz
jarmallbq,673-476-2239,rpaikbq@bigcartel.com,"lB9""JE1\&,%E"
ipallinbr,387-959-2907,uruiltonbr@joomla.org,"dU7""1t4U.E|cQ"
pgornarbs,744-635-3346,pecklybs@omniture.com,hN5#M|L8)`Q4<HA
bsanbrookebt,540-362-9857,gspellwardbt@examiner.com,gX7<OreKYZ
kbidewellbu,850-385-3311,mantukbu@geocities.jp,xG7&suLG
rkeatchbv,736-495-9274,mgarthsidebv@nasa.gov,qT5*!&_2FSW
wadamovbw,855-272-1050,trolfebw@rakuten.co.jp,bU4`71{H
gmaruszewskibx,236-777-1612,lhachebx@feedburner.com,lC0%}Z<j._=03O
norbellby,795-736-6089,gtradewellby@biblegateway.com,"yH3$H2@|,)IE"
dillesleybz,379-162-7144,drheltonbz@nhs.uk,fS2#8D7TbyNU
bfoffanoc0,585-561-2699,rquincec0@skyrock.com,"eS6""_i@e{@o*\*c"
kgerardc1,794-325-2381,edaybellc1@gmpg.org,fD9/.A=HUFm$G
nbonyc2,507-106-9897,wchoulertonc2@webnode.com,gE1.C(\~Agmnn`
mpinchinc3,470-118-0131,lmoodeyc3@bigcartel.com,"gX6~u_l}m,+V"
hmorcombc4,667-550-2217,cgoshawkc4@w3.org,nT7@xEQrg4U
mhamshawc5,573-489-3814,amccreaghc5@mit.edu,yP3}..SgPz
ylockhurstc6,165-190-2243,ftunuyc6@livejournal.com,eH3_|PSAdS>eppl
wgorchc7,177-632-4139,pjaneczekc7@webs.com,pQ4#go)7*VGmC\
cblakslandc8,483-229-6698,zportwainec8@narod.ru,bC9`Pec$O<x
bblackleechc9,824-748-2128,jgianinottic9@geocities.jp,xC1>|`saS5Q
sskakunasca,146-883-2359,jwohlerca@sakura.ne.jp,sF5|~R{hP3$vw
rrobardleycb,256-392-5932,mspoorcb@harvard.edu,dK2&B5AEENxFg/EF
psteptoecc,558-172-9396,gdehailescc@nbcnews.com,dI5~|lU4
mrealcd,728-873-0993,iksandracd@spotify.com,eC0*NH1vOUkuyT
jpolakce,771-735-7991,jbrightmance@disqus.com,dS6_f)'lz.ya?~'Z
jcapplemancf,322-638-6986,smatteicf@tuttocitta.it,rE8?|.lH
myatmancg,876-171-6563,bleimstercg@meetup.com,mD1#DAnC>.?
cstobbech,860-222-2379,kridleych@narod.ru,mX9@y~BokBPoxa5
cnorsterci,200-682-0253,cmiskellyci@pagesperso-orange.fr,zP1?l>0wAK3XeKW
jhartfleetcj,747-244-0959,mroadnightcj@google.nl,oD0}*+VWO'p
klowselyck,335-481-1934,cengehamck@discovery.com,dZ1<>bJiNPR)*w
mbaszniakcl,448-288-6194,aminardcl@skype.com,"fK0((F,b#b"
ghurdidgecm,973-439-4292,rplancm@amazon.de,wU6%/Y{aGE6K
hmarcumcn,677-379-8407,mlabetcn@technorati.com,kN0$if1M3
sparradyeco,840-818-3982,rrymmerco@livejournal.com,vT1`Bg<RR5\
molvercp,182-711-8494,trobottomcp@economist.com,nW0)|gRl
zwhawellcq,875-840-3362,mgamesoncq@scribd.com,jQ2`z{wK4
hcowderaycr,151-991-6315,orivallantcr@feedburner.com,"tM1+$V%Mcs,>AU)t"
wmoorcroftcs,935-554-6489,tloebercs@nps.gov,bB1%TDyi$FpV\Z
bbuchananct,366-900-4650,ogrzelewskict@fda.gov,jK4.FYfW+3_
lcardellocu,198-502-9104,chuxtercu@vkontakte.ru,dC7?2'l853MeTw{E
bcoboncv,555-860-8165,jbaxcv@zimbio.com,hE4{ZDHZ
npurkinscw,605-889-7518,wedlandcw@ox.ac.uk,"jT7""OCX,og(D(9"
cstaintoncx,868-274-5207,cterzzacx@barnesandnoble.com,nW8>>trQ_ty)k(
rshortallcy,884-724-8725,kwitheridgecy@walmart.com,cX1=_yqa0yIUAQ
lpuntoncz,273-748-9946,flohrensencz@wiley.com,vZ0|EHUqH
jcaressd0,610-300-5079,adurod0@g.co,qL0?cV{x*M
gnicholsd1,481-641-6292,swooddissed1@japanpost.jp,oS5#6.qo|
lcherrettd2,858-411-5444,cgendersd2@1688.com,aF0!D!@b
fashfoldd3,448-692-4989,gbourchierd3@comcast.net,"uZ9(p',4Wz.3""#"
jcotteed4,400-174-6611,geliassond4@digg.com,mP1(OCEw@b
ahaggishd5,485-616-6828,ryuilld5@wsj.com,"kY0,!gm6"
rdockwrayd6,805-897-9987,slafrentzd6@census.gov,xC1#FIh_Zne0F{z
lcurtisd7,217-990-7674,lmouldd7@issuu.com,gA3!o<Vq0BQV+V
pmuglestoned8,692-962-3736,mboulterd8@free.fr,"oM5""~r~upQ=N"
jvonderemptend9,672-917-5505,kmaylingd9@myspace.com,vP2?~y4=&itk<m@
lrozzellda,566-490-6445,lsmickleda@altervista.org,kP4=N3`>>
blountdb,441-402-7659,rchengdb@4shared.com,rG4=*?ilu~1ZR
tameydc,177-661-7400,thamordc@chron.com,"dN9*)""EIUA""hr"
owhiteseldd,724-162-7975,kmurdiedd@harvard.edu,"hJ1""nZIMc"
ldifranceschide,251-539-8615,idrainde@ucoz.ru,"mI1<=*0#(Fl""re@"
mcowldf,263-348-4084,cstreetsdf@microsoft.com,pK4|+HuR
gricedg,796-867-6644,sberrisforddg@microsoft.com,mN8@xuj/1&wYoo)@
shilldrupdh,843-821-7301,amillerdh@goodreads.com,zU6+t%0N')4CO
ksimodi,980-993-1637,kmcnalleydi@rediff.com,cE6!wse{(CAfW}h
wkestelldj,184-295-4639,rvasyaevdj@home.pl,kV7!.iHmq/jGeXC
msantedk,981-924-3150,aingledewdk@t-online.de,yL5'>.gE0~O
bickovitzdl,701-106-7769,cbocockdl@oracle.com,"pB0(QlB,%lQRXycc"
kleipolddm,706-789-1827,bsmewingsdm@networkadvertising.org,dH7.1l+b
jmendozadn,884-453-8526,mmarshamdn@gnu.org,zX0%c'(i~\
ftasselerdo,584-984-8403,evalentido@lulu.com,wL7)AbxZLp'w
hmitrodp,803-524-2038,cnassaudp@printfriendly.com,gK6<ZQf|
bwelforddq,608-840-2474,csurguinedq@geocities.com,yH0|bY#ZSVKk
byockneydr,421-527-2231,msaddletondr@bravesites.com,wY9%u(>u&q
pcullonds,907-618-2543,jtriswellds@epa.gov,yA1?DUcd$W0Qd#fs
qoffielddt,780-334-3973,sbedledt@cargocollective.com,"lP3_Ho/M,9OY7T8"
dkropachdu,757-657-8079,dhubertdu@mashable.com,"pU1\{fR""""<z}y"
jpericodv,221-400-5953,ploghandv@reference.com,oV1_rSGKLR7
jgoodnowdw,402-388-1098,mbenzidw@ameblo.jp,yH2~QE@~u0nQg%0u
bcaughtedx,397-746-7762,rarletdx@google.es,"dT0.=""+f"
smidghalldy,255-712-0223,mmoaksondy@constantcontact.com,pA9/`}Xc``
kpowersdz,879-266-4340,dgaskdz@shutterfly.com,kK5/oi1Gu?
gthomase0,778-320-5269,kjervoise0@1688.com,bR4%>8#U
kdallowaye1,619-692-6144,jcavelle1@forbes.com,bI0_g/X<n
jiacovidese2,169-114-6524,pnottingame2@wikimedia.org,"iO9*`B,V'y~<bv"
jcoathame3,401-995-9880,bnovice3@washington.edu,kQ3?w(zO+pj=D
mborleacee4,100-764-2990,nemertone4@statcounter.com,aB0}fh*/s
gculverhousee5,583-464-3993,hkelwicke5@state.tx.us,hW2~{w5_S
jvolkese6,192-903-6577,mmelledye6@exblog.jp,uH4}MBLYlY
cpottse7,781-177-8579,binnse7@hostgator.com,gO8`u&rGe#X<S)ZG
kcornwalle8,789-147-2276,apolle8@umn.edu,lJ6|'f4?X
ssanchise9,818-126-4555,cshillakere9@joomla.org,eK3>bAt<
arobinsea,450-518-2007,titscovitzea@homestead.com,"cW8/p4X}""y65"
nkitcheneb,495-935-1709,qklaggemaneb@mtv.com,iS6&{Wz@
fgartenfeldec,926-837-7446,rfoyleec@nationalgeographic.com,"nC0>""b.~crD|V"
criccioed,662-857-5349,acoopmaned@ameblo.jp,rC3}qhTyJS17lSzl
heardleyee,964-305-9196,ckleineee@whitehouse.gov,"nM8{""XWsp~UtR"
fyandellef,228-928-1503,awadmoreef@mapquest.com,zC2#Am7RM<Af*WH=
bgrinsdaleeg,652-589-4875,blamertoneg@mail.ru,vM6*#_x0m0f
dkirkmaneh,829-633-0744,yhallowseh@cdbaby.com,bN7)EL|SIqEt>I
tcamfieldei,955-373-9811,mdinjesei@cocolog-nifty.com,yP4'U4y|$xUEki
eshevelinej,110-748-6801,rtrunchionej@uiuc.edu,"zY8$$q""juWuCxJ=a"
mloxdaleek,506-625-5849,rbeneek@csmonitor.com,tL7$7BWlQxiJ
mgordgeel,941-825-9270,ttebbetel@illinois.edu,nX7>60xu17TS
gsayersem,955-591-8368,ashulemem@bbb.org,dE3.WnJUg~EQpidN
dmedendorpen,201-468-6305,hriglesforden@mlb.com,kQ9_qaCd5e
jteggineo,381-925-0484,jteeeo@omniture.com,"fY3@w1U,""*"
mgillbardep,983-185-4924,lsabbatierep@deviantart.com,"dU2,A3Q9%"
klufkineq,684-160-5359,mbreacheeq@microsoft.com,"wV9_)Sb,a#vUdb"
abierlinger,558-647-2895,lrooneyer@columbia.edu,"cX4*""J.uynr\"
zfarreyes,923-202-2195,lmatticcies@youtube.com,uV0!V1y((#
rcantleet,494-244-5712,wburdenet@abc.net.au,wO4(U?(jS
zhinkenseu,468-619-5631,cbarwickeu@hp.com,aQ6%FUD9TIm
cbinionev,566-982-1577,tbengallev@booking.com,nI6@@j'`
bhuikerbyew,874-341-8741,tphilippardew@wikia.com,aS8>4!v_Y
viacominiex,255-408-6729,kmoseex@timesonline.co.uk,gX5~@D>F7
mportrissey,213-582-3036,whindenbergerey@pen.io,gX6_Mj&|
dpinkneyez,593-249-2552,dtabourierez@cisco.com,nZ8*HrfuM8V
dneildf0,684-950-2643,zreisenf0@canalblog.com,iN8.JOqqdhrk
mstorrief1,778-811-4693,hfearef1@sciencedaily.com,zZ9&{Y>Dp|Ky0G
mmacneilf2,309-728-9160,cpenburtonf2@unc.edu,qM0#Emv+P(GvGUr5
dcreavinf3,639-265-0212,tcrossgrovef3@comsenz.com,mY9}<90I@
bgainorf4,248-841-1228,rtrewarthaf4@mac.com,"dX4,l%I}`lp\u"
bhargief5,215-337-3280,clangcasterf5@cargocollective.com,kE4@>Ot+Z+
aolczakf6,707-426-3539,dpizeyf6@topsy.com,yQ7?`\K_*Be
cdeernessf7,341-545-2447,mcastelowf7@nydailynews.com,cI3~&6Ql
sallmannf8,491-179-9291,kodonnellyf8@imdb.com,cL4&t.nY)
hpendrickf9,751-157-9983,dmoanf9@gravatar.com,"eW6=,o_QjmQ"
amaletrattfa,678-888-7392,cparagreenfa@tripod.com,pM9+WWwK5ulqB
jgledefb,883-489-0162,ctudhopefb@yale.edu,"jJ1(4j4yax"""
mpurvisfc,797-950-5142,sfurbankfc@marketwatch.com,xK8+G>_AEWW
mrominovfd,407-545-6778,zlavinfd@webnode.com,xZ9=.O(46l
mwinningfe,596-518-1986,mroantreefe@yahoo.co.jp,aE1'4Vtf%5j9Sbq
jpefferff,563-103-3985,abrummellff@ucoz.com,sS6_IZicp>7kz
btribbeckfg,118-453-9368,lskeermorfg@list-manage.com,iU8'1A0b
rmorrottfh,552-593-1743,pbickellfh@feedburner.com,"nC1""=inSUl#?4"
ewilshawfi,542-943-8030,mfarlandfi@nih.gov,"mV3(,7ykjZ'"
gchaferfj,841-205-0810,anutteyfj@skyrock.com,"lM7""soXNY2)Ud"
arainerfk,416-672-6195,amerietfk@sourceforge.net,xW8_6BV'
ckemberfl,246-913-2163,sgwillymfl@wufoo.com,lJ7.z8~00o3EaKW>
gconsidinefm,284-364-6720,sthompsonfm@vistaprint.com,iH9?R/~|D\7(R#
jhoonahanfn,977-211-4567,bbrookwellfn@marriott.com,dU8|6JB0*r
mtownsendfo,864-949-2496,fquippfo@ed.gov,rW2_M7DsiY>!
kbriandfp,209-929-9772,eivakhnovfp@nps.gov,nM3./*?UvK
fsatcherfq,117-226-0687,pmusicofq@comcast.net,jX3&5(+V0Gbydk
cvakhrushinfr,577-877-8435,aschoolingfr@yandex.ru,yL1\fVbtVhL/>E
nortellfs,547-673-5595,tkalaherfs@ning.com,"uP1""}gRi*6\VO+'i"
yseymarkft,167-283-4580,bplowellft@hostgator.com,cH9#Ycs*m>Y?&
lwincerfu,104-589-5573,csowmanfu@amazon.com,xB1=m4UI
gshapcotefv,866-689-1216,egiddyfv@bandcamp.com,xH8>t5iMII990
oswatlandfw,316-877-0775,ibovairdfw@exblog.jp,kZ1(P2QDUE2
tsnellefx,780-144-1281,dcoddfx@wordpress.org,vU9$daxm'
mhulstromfy,101-225-1972,awesthofffy@archive.org,lV3.`B(lJ
rklossfz,112-486-2237,chanalanfz@state.gov,"uB4""egh*o_wS*%Pq"
jdeethg0,295-788-7918,tdugmoreg0@yandex.ru,aN0?)@ULqJ}Roa
dpogeg1,916-382-9495,echristolg1@blogs.com,hN2!X!P}Fh>=o
kgiamittig2,814-425-1149,mblakslandg2@berkeley.edu,uQ9<XX7iog*xt\
cmerryfieldg3,461-746-3537,rvanderveldeg3@independent.co.uk,fP6.e.@})4t6~4rq
hpomeryg4,125-482-3316,swanstallg4@samsung.com,uJ8`&9hsut+6qyU
adustg5,960-485-2440,dquaintanceg5@loc.gov,qV7@Va%RZcrOWT
dhinchong6,462-271-3796,pmichelig6@exblog.jp,mF6?ej6nL?YU
sdmitrg7,430-470-6087,gwitteyg7@list-manage.com,"iT3'W$?OdU97SC,"
nbirdwistleg8,314-858-1248,owallbuttong8@posterous.com,mE2|XA0)}$'
mcheethamg9,339-892-2497,rannong9@1und1.de,gV7+De2&?y0y<$'X
gvedeniktovga,937-842-0092,rtumultyga@constantcontact.com,dX5<t9Gv
ctedstonegb,504-972-6899,awheatongb@twitpic.com,"dN5,{kxo%"
hmcgorleygc,498-673-3835,mwinsongc@tuttocitta.it,"zI9/p32,=F""'KB"
itesmondgd,893-729-2612,cjendasgd@amazonaws.com,uZ9<7O5+ZILqX3I
mdanetge,587-641-2422,alankhamge@answers.com,mQ0|qwEd=
nburnsallgf,516-436-7811,pabrahamoffgf@wunderground.com,rE3~Ydz&04
aheinzelgg,596-952-6418,hstanluckgg@usda.gov,"jV6}J(cj1`,"
aveversgh,299-732-8497,bhelixgh@yolasite.com,mR8?ULG'EgQmES
jsentergi,260-454-4188,cwinfieldgi@msu.edu,"jQ7,gjOy$)"
fcolliargj,576-947-4996,kkillichgj@ameblo.jp,nV5)6'PaWM(v7u81
cmcelmurraygk,344-778-2374,dbarnacloughgk@baidu.com,wJ2$Y>=m89B4wWq
bmowlinggl,204-930-5175,jdurnillgl@home.pl,eZ6(*{}~
jdeblasegm,887-935-9427,mjandourekgm@ask.com,oD9''f9c
pstokegn,441-889-7608,hivashechkingn@washingtonpost.com,eD5+9G%3O&Fsnc
elisciandrogo,431-293-3426,cwhaleygo@xing.com,"aM5+te#>p""j)N"
esketchleygp,305-971-6349,sglowaczgp@wikispaces.com,eR3\|!9tB/.2
mselbiegq,576-425-2930,bsimkinsgq@wordpress.org,gJ3&(C\w5{B\U_
vdressellgr,556-575-8049,tollertongr@com.com,"yL5,<mY~+1_cmo!"
yshakespearegs,568-236-7616,pspenclaygs@japanpost.jp,"lH5&""cqTz"
ksizzeygt,551-256-1064,osaladinogt@yellowpages.com,"jV0""X7?<3\"
pmattisgu,374-791-5419,fcowgillgu@ning.com,qK2&G8a`dW28Zy
mpiccopgv,308-621-1623,emicklewrightgv@sourceforge.net,"uG4,V?8v%gH7brz"
kkinneargw,339-713-8658,hpolettogw@deliciousdays.com,"cF6,a$yM+M"
wscoltsgx,841-495-1997,abouzekgx@skyrock.com,kU7|v6Z5@J?&VU0
skeppiegy,810-136-0218,jwenderothgy@scribd.com,"jQ0?ElJ,U"
brhymesgz,244-428-3303,pbuckhurstgz@ifeng.com,fR3)P`Op%GiW_C=F
jcornwellh0,986-924-1596,skinghornh0@webmd.com,sY2=1QcUE}GV
glarmuthh1,666-769-6863,bradclyffeh1@newsvine.com,nH1=9l%V
aharborowh2,934-448-8617,kmcclementsh2@kickstarter.com,"lS0,?m16=sVg|j'i"
ifinckeh3,935-911-1340,owarbeyh3@ehow.com,iK0=>5e}I!/En
sfieldsh4,105-545-1965,jbockeh4@sciencedirect.com,lI0&`002_3$T
ftemplemanh5,557-703-5831,gbarnfatherh5@redcross.org,kL1~$Rbrjk7
houltramh6,189-797-7413,acornelleauh6@usda.gov,aD7/)diHJWR
rcaneteh7,295-886-5935,awilcockesh7@eepurl.com,aY6/b'6Ja8j(v/9i
pchiltonh8,196-251-7211,gmantriph8@sfgate.com,wZ4>fo1me_z3/fh
adrackfordh9,822-437-5871,mhelmh9@github.com,cB2)jIr!1..oji#
dsiddallha,335-898-5340,tharnettyha@chicagotribune.com,oK3{ptgr'Jres
dthurbornhb,443-339-7749,ezisneroshb@dyndns.org,jR5(K<}H$
mselwoodhc,608-322-9624,sbakhrushinhc@pen.io,"jD5\0S%,dn+bM"
kshegoghd,918-977-1034,obiffenhd@statcounter.com,"zJ7.M,S{EiWi"
cbearhamhe,604-458-1344,akrimmerhe@a8.net,lQ6&#eLZPQ+MCg1V
lconwayhf,365-871-1477,dgossagehf@ustream.tv,fV1)KHk&ZgnJo#M
lsalterhg,938-124-9055,dburrishg@comcast.net,lR0!L/2eE}W3'Sa
ilanonhh,637-640-8864,gkilbeyhh@g.co,rY3/&<FG
gwilseehi,140-569-9180,kgriolihi@mysql.com,aH4>}V>Pa5?.A
lgurnayhj,590-177-8645,vdavyshj@uiuc.edu,jZ1_?aGexUj\
tlowmanhk,313-793-1801,lgraysmarkhk@slashdot.org,kK7=RL6?ML
gwilsehl,441-801-7496,lmalatalanthl@histats.com,"mT2=""=.kB"
ksedgebeerhm,430-158-1377,cguerinhm@t.co,"rW6,!e,J<ZT%ez"
mbimshn,559-309-4931,dhibbarthn@mtv.com,gS9+${LREi79L
smccartho,557-538-8826,ljachimczakho@pen.io,"rV0/tqg%""N,}#k_"
sfishendenhp,780-711-7246,sallsobrookhp@yale.edu,"qA9>,f'tMOy2"
lhookhq,162-542-1787,ccadorehq@macromedia.com,nL3&t_4{G
apickinhr,451-784-6276,rtomaellohr@ifeng.com,gZ4<0AIGC
wbowehs,805-318-8130,tbogacehs@alexa.com,"tG1=+ZP,H_Is0L"
ecobbinght,301-140-3978,hbyresht@cyberchimps.com,mH4$~g_'
mdobelhu,584-797-6632,ecurnickhu@adobe.com,"rL7,A#gWFq>S3wBs"
cgorssehv,244-465-2984,cgeerdtshv@constantcontact.com,eW6!!?+uU71?{1Id
ideelayhw,267-619-8886,bkilmaryhw@washington.edu,bX1~+|6DL4bY}{@9
rtomkisshx,611-788-6243,cwhitearhx@google.co.jp,"sW5*&F0zlw""|L1"
phopferhy,124-273-5430,dbetthy@mashable.com,aN7%G?O5m
mmulvaneyhz,787-215-2150,lrevelandhz@nytimes.com,"aB7@hb""p9?HNC{6"
wskarini0,825-439-2144,gcooksleyi0@vinaora.com,oZ6(/QLRP7Bl
nblagbroughi1,909-452-0171,lhaytoni1@so-net.ne.jp,fA4?kpFZ>
bchampnissi2,252-258-7710,bdawtryi2@gnu.org,qB8{J+t9'+hCc$5V
msadlieri3,784-373-6576,rabbottsi3@goodreads.com,lX0+hVJJ
okippeni4,813-429-3332,nsegravei4@reverbnation.com,vJ1&6wdpC
fconradseni5,342-410-8504,wcampoi5@cam.ac.uk,aG6(r%O/Jnug*
amillimoei6,253-715-6719,ninchcombi6@dmoz.org,"xJ0,?&gv!fN|9"
rrodmani7,411-132-8738,aceeleyi7@vk.com,uF1}Z>l_ORKn_1!L
tantonnikovi8,644-463-9866,ldevereui8@accuweather.com,gK6<OIHFSsa
mkillbeyi9,530-876-1678,bstackbridgei9@homestead.com,iL3+|sa6>n
bjanakia,104-986-1526,kkovacsia@ca.gov,dQ1}u#lp=e~
bdeldelloib,598-421-1797,twinterib@odnoklassniki.ru,zZ4{B=B1|z
tfennaic,772-848-8735,nredmayneic@seattletimes.com,"zU1|""s@`ZsQ8>"
icarrickid,388-198-2223,omcgilroyid@tripod.com,zV6+&Qi|3#UNq2W
aginnalyie,762-246-7820,hsuttellie@bbc.co.uk,mJ6&Qo2m4#I{h
pcappsif,726-163-7516,bhymusif@geocities.jp,"lA2.""s`v0OVDsN5"
hfludgateig,318-516-1406,jwaggittig@geocities.jp,"oZ0&"".I}X&"
cwattingih,508-307-5981,uokieranih@huffingtonpost.com,hM5$oob=9=`N
cventhamii,305-526-8243,rsteeplesii@ifeng.com,bQ8}3d.e<\s4JSKZ
jcadallederij,139-955-4796,bgeorgievij@aol.com,iZ5%%C++I\
mbannesterik,778-875-6549,kodroughtik@fda.gov,zX2!_Z$0J$!
ckieranil,659-780-9608,hricciardelloil@printfriendly.com,"oJ6_=D4{/IH""/z("
lvasyunichevim,518-655-0827,bcullumim@ezinearticles.com,pF5~Jzgi.
mlavellin,831-295-0350,mmoscoin@blogger.com,wX3+Fno&Dj
drobackio,455-309-6602,wgoodburnio@marriott.com,xN7(>s<Mi@l{
lbutterleyip,321-359-1542,lgogayip@gnu.org,eA3{Q0<`0Y
udurrantiq,302-138-4574,cshimmingsiq@blogger.com,qQ0)jjfcAA
tsaladineir,530-671-8325,fdanilovir@technorati.com,"zJ6,s~""h"
vashbeyis,515-376-3042,tparkeris@hhs.gov,"sH1<pm#Goo""ivc"
vsimonciniit,720-963-8605,hforsbeyit@home.pl,eA3%Q5&UW2}D<
prameyiu,905-765-1161,jjeannessoniu@house.gov,gI7%t\9@Du&W/BI3
gsnufflebottomiv,434-431-3659,aismirnioglouiv@un.org,jM1%g6{2c!JS
frubenoviciw,949-161-0973,mcovinoiw@bing.com,cB6_wQg8TW8s
tbarouxix,330-211-8204,apiersonix@vkontakte.ru,pY3|4y@qE+K5>E|
hterzoiy,514-946-0621,tglowackiiy@nbcnews.com,jZ1`|NF/yD
ajehuiz,109-439-0938,ethrippiz@liveinternet.ru,"hF6~_K$""im}p%+Oa"
cshaxbyj0,651-429-5982,ldobbinj0@gmpg.org,"hJ8*""#Sv&O?YO3?3"
rsagrottj1,582-105-7136,dmabbj1@amazonaws.com,"sL9+UZbmhEn<""m"
dpragnallj2,596-400-5525,hiacovuccij2@army.mil,hJ6/i9%t#rw)2%
sarnettj3,844-218-7814,medmeadesj3@newyorker.com,bV5*CQ0V&C$=WX$E
gbissj4,659-296-6175,bbullinghamj4@uol.com.br,iA0/E`ea1p
mpottej5,510-571-0518,cskedgellj5@java.com,wG0\|y1)EY`
obossej6,100-348-8350,bramsteadj6@php.net,qA7_JvMBYnz
rgatej7,591-357-8972,gclementsonj7@loc.gov,mM4.}C5E<*\kEz*
fassadj8,238-398-2963,anurdenj8@europa.eu,"mS7\=tgP*a""WF"
larnattj9,263-661-4191,gcragheadj9@yandex.ru,oS9!J9!Y(USry=
sculverhouseja,407-496-1878,dflearja@google.pl,eY2%f}aQ
sseeviourjb,696-710-2672,rcastiglionijb@tiny.cc,mR4=dnYCh1M1
pgaudenjc,496-472-1227,kjeevesjc@dot.gov,sZ9)!MyS
fburkjd,524-450-8561,ehurdisjd@mlb.com,hR1~Z&yvP{i
gvaldeje,256-584-0045,scomarje@examiner.com,fU9(XqO><z&IsK3
dfoatjf,160-957-8654,rmcleviejf@gov.uk,lS7/z(eOr\PQ
daparkjg,703-633-7191,mnellisjg@flickr.com,uC6>s06LB2
salvesjh,154-471-3775,ijaquestjh@virginia.edu,pS9/6>\9
menriquezji,976-136-0925,tuffji@columbia.edu,"yL6?h,0,Ag/0"
ldosedalejj,665-765-0897,gcreelmanjj@fc2.com,jB6$5Dt(kf
jyellowleejk,324-836-6481,skelledyjk@toplist.cz,nI2@qC7GwdAsn_/
fricciardojl,163-823-9471,rsaxonjl@hp.com,pU8.n{Yj
nbrockestjm,400-264-7257,ctrengrousejm@tinypic.com,lG4+WTVfkJE
bcominsjn,477-445-0487,amordacaijn@gov.uk,kF8\\Z6aSWBsR
lredgravejo,888-222-3178,agaryjo@bigcartel.com,qB9\K.vSd9|L
gfernanjp,160-239-0662,dglanceyjp@gravatar.com,"qP1.',TRK"
rbaudinjq,743-988-4295,glervenjq@admin.ch,"aB5>""<TP1#)nb<cH"
ogrimselljr,200-359-0003,emaccarrickjr@theatlantic.com,cV0(d7(x_x)K
fevittsjs,810-678-6151,cberthomierjs@nytimes.com,dB0_<<Eu4p=D
rswatlandjt,972-652-8181,lsprulljt@diigo.com,tE8<JwWKc_CRv/E
sdoverju,258-271-8883,sgoldsburyju@businessweek.com,yB3|BoA~|Pf
mtyrejv,762-449-6197,hmarienjv@unesco.org,"qQ6,_!J("
mdabrowskijw,921-466-0433,lsargoodjw@github.com,"mZ5,'dgoA"
kdenyjx,162-671-2144,hslyfordjx@about.com,rE0&)E*P}&Cn1y|z
jquiltyjy,472-131-2991,kshutlejy@g.co,aQ3?cDBq/Ib0X}e
mrobejz,418-108-8337,wadamijz@rediff.com,eY9&pO%!QHim<4<(
fforcek0,554-503-3376,hastlek0@chron.com,rB4$q__cUN%uU>
lgidneyk1,308-452-4838,sbeddisk1@yolasite.com,"lF5{|%k#,HCB"
gmaclesek2,826-137-4789,lbiggsk2@amazon.de,vJ6>wkC}(wKl
cloriek3,801-217-1984,jkibelk3@hatena.ne.jp,hS7*EmEGp
hjozwiakk4,923-842-0292,lfarnworthk4@printfriendly.com,fW9}<k05e
lghirigorik5,610-912-3892,gpiatkowskik5@oaic.gov.au,iY1+RI_'oX
srimbaultk6,964-338-1642,dcozzik6@hatena.ne.jp,gF7%)uO6
shandmank7,861-900-4113,sekellk7@i2i.jp,"kZ3.,o#7Sf'$"
arhucroftk8,986-853-6120,ieggintonk8@studiopress.com,dB6%*S!QTJ2arR!
fferraronek9,270-400-9100,himlenk9@sitemeter.com,"iD2,YT)X"
ispareka,771-111-3235,idummettka@blogger.com,"kC6&W,}5Jt"
lleverentzkb,515-973-9311,dpilipetskb@yahoo.com,iX9`j0JZgIY
bbishkc,961-554-2774,vlagnekc@goo.ne.jp,oQ5=`uLW5
jkolushevkd,303-652-7530,csienekd@chicagotribune.com,mK8+6~|.blT*C&
rskermanke,416-883-7479,ygribbenke@ucoz.com,hO5{6`fN>
sheyfieldkf,497-912-0586,lkoskf@ihg.com,sG2@4e<7+~f@
durwinkg,531-117-9390,cissackg@pen.io,jN7<P)1Fk7D2Bd
akittmankh,404-705-3276,vfullmankh@g.co,kJ4\qXmf}s$B
pgilliski,250-598-4218,rmccartki@yahoo.com,"hT5?_,DIh2tHzB"
pgozzettkj,602-312-1274,ebebbkj@admin.ch,jA3))0gDwU0
imcilvaneykk,947-999-6398,rdrinankk@npr.org,zL3?i{fUS7x!n
ldemitriskl,192-548-7739,jbotterellkl@unblog.fr,uB9}`KF_K2GZzx
ffiggenkm,940-496-8622,ewhitleykm@people.com.cn,aW5%DzphW
mphipsonkn,842-116-8568,flaymankn@histats.com,aW0*b<&Cz'B7p<n
ehutchcraftko,367-828-8042,whullyerko@bbc.co.uk,zD2)nITFO(mP@
bfeykp,583-612-0261,anilgeskp@ted.com,uK2~=pm7x9Lo
bormerodkq,252-139-9801,jmcauliffekq@columbia.edu,"xE9>QOM,s|bK&c1"
arodwellkr,910-231-7740,kdenisyevkr@opensource.org,xU8_LU6l<'nRC)
pstoggellks,252-766-7461,iellerbeckks@wsj.com,cP3!u'sxs\Zbg
afishleykt,325-695-2899,ssorrillkt@nbcnews.com,"rP3+Rn\Gy1e,v#"
acasoniku,172-234-1960,blyonku@cmu.edu,"dD5,x=z|"
gsaintepaulkv,460-190-2507,mpaffotkv@godaddy.com,aV3{N>xLC#B$
dhaworthkw,501-372-9386,hbenoitkw@w3.org,kU5\vkM>Nc9?)
mbarrassekx,798-949-6630,kbrothertonkx@upenn.edu,lG5($)zO
kfidelusky,944-655-3159,afuentesky@alexa.com,dJ3\O`P>8D<>Y(1
aponsfordkz,783-986-0499,gtanbykz@vinaora.com,bM4&Z0B/qaQ|Sn
pcarlanl0,730-507-8168,atschiraschel0@spotify.com,nN5'FCn$!
llamswoodl1,868-201-7279,kbaleinel1@foxnews.com,mZ1/W~UO4JLaRnw
jgronewayl2,319-948-8077,shulkel2@over-blog.com,gC9'~fn3#321
rroizl3,346-890-0818,dsmallbonel3@miibeian.gov.cn,"tJ0*PE""/"
mkerssl4,505-274-1647,lcraykerl4@icio.us,qP1#|R1xS
jmallanl5,598-104-2499,qjervisl5@mit.edu,rY1#(kHu
pnichollsl6,189-723-4493,amillikenl6@vk.com,zR6@o{>sw7!l
gspraggel7,868-442-0388,fpobjayl7@mozilla.com,"eJ2""4A%xnN~&yx"
dianittil8,830-623-1359,ashoweringl8@gov.uk,bR7@g7WpDh79
secclestonel9,325-358-7810,gleijsl9@smugmug.com,"oN9""0I|4&yo?Jo"
agoodinla,916-351-4628,hmccandiela@twitpic.com,sH4(/611OU
kraddishlb,832-857-6102,mbachanskilb@posterous.com,vZ8<HxJ1tJ9?jA!W
wcracknalllc,843-957-8840,gseiflc@feedburner.com,eE0@xsW<c=p%a|
fjodlowskild,123-632-7292,tsenecautld@infoseek.co.jp,"eV4{KO,70ibeAm$T"
tkiliusle,848-211-2903,btimbyle@nyu.edu,sD6'b9g?4Cu0
lamblerlf,945-795-8991,tcorshamlf@yellowbook.com,"yT3&aV~,Cq/RJs"
rmctrustylg,671-488-8278,abeatylg@adobe.com,bZ0)o(BK
arugerlh,179-502-2690,pellesworthlh@soup.io,cK4|n8)k)'u
cdavidsonli,915-880-4540,aganeli@imgur.com,fT7&&@w6p#
ozealanderlj,742-234-0048,dwinnylj@digg.com,yW4#4l5.}J~9*~
cdubbinlk,855-397-6648,bwilkisonlk@blogger.com,"jD4,SJa=$Gw$eHj"
lbeamishll,214-583-9123,ofouchll@nsw.gov.au,"xB0*Ue,_+R"
lleilelm,403-567-0244,kopperylm@ftc.gov,vZ9(Bzb1t%yrV5@i
dgidneyln,140-877-0958,ddrableln@baidu.com,aO5@u8xm&CFKU
rlongstafflo,112-766-2550,fcristoferilo@plala.or.jp,lC6_h&q+r4%p
mreeflp,666-254-1557,aitzkovlp@berkeley.edu,hZ5>oO6UpN7!K_
schesserlq,108-233-6769,syeeleslq@google.fr,rJ1@j.jysOH
dhauckelr,321-993-5884,spingstonlr@netlog.com,hJ6=X0}2l4#
edouglassls,267-214-6847,ahandrikls@slashdot.org,oP3}YD?u!
kcritchleylt,562-307-2514,fhedgemanlt@google.it,mE6#<lt&#K\=V
ngoldsacklu,994-895-2864,jbalazslu@home.pl,rG7'Ix117G.ddd
cdarrigonelv,192-631-2069,rreveninglv@dailymotion.com,"dZ4(,P8M~}"
bdilgerlw,288-396-5650,rcohrlw@sciencedaily.com,rO1'F6vr5X0k6?k
cbarabichlx,265-499-3048,drisboroughlx@wiley.com,"qC2,G,tT0N"
helgiely,841-741-6913,zmacalpinely@bluehost.com,yJ4&h0RP
cenriqueslz,293-538-6796,mszantolz@shutterfly.com,cU5|K@rg+2b
bpetrenkom0,327-787-0200,lmeynellm0@mlb.com,"sQ6#""RV""Pe@B"
agrevelm1,457-126-6100,amcreynoldsm1@4shared.com,oL4=c}{P
qkloskam2,634-890-2079,hricksonm2@trellian.com,"wI9,IdCs"
bracinem3,235-177-4270,ybalkm3@a8.net,tV4(*ABY.8/CdA>k
mpersentm4,827-890-5631,fbusswellm4@wsj.com,"iC9'F0t0|>o""dqX"
obalamm5,570-939-5021,ekittlem5@nih.gov,cE4#4VKge=xk
ljerminm6,301-630-7833,igonthierm6@omniture.com,uE9@n7mN>T/QF*i
bswindenm7,392-910-2487,fcordeaum7@google.pl,"oR9/{WQu,w_<s"
ayesm8,290-557-3720,fcraigheidm8@cafepress.com,uE6>d4K`k>x%\&
rcolleckm9,178-558-9880,hgifkinsm9@facebook.com,wA0#zwAcS!
lmaccoveneyma,562-647-2705,cgysema@icio.us,xU8(8R!6?Du|W>>
rminerdomb,210-277-7247,rtaverinermb@free.fr,rU7*sKqo70d9*DiT
amayzemc,494-127-2423,celtunemc@virginia.edu,vT4>u?tL7D
vturnormd,657-838-0685,wstovinemd@wikia.com,"bO9""=#k6HET/so\"
ckhosame,285-736-2545,mbennettme@altervista.org,"rZ5_M""5C>nay"
jmapplethorpemf,104-294-1897,fblewittmf@cnet.com,wK6|heTU.`ULZbw
tdunkinsonmg,608-764-8151,etenpennymg@deliciousdays.com,xO4`.F.bS
jivanovmh,596-674-0721,cbaigriemh@ox.ac.uk,wU3|?JP@LvX884{s
mklimukmi,209-644-1079,ehullymi@desdev.cn,yH0>(7|rj%ilFB2h
edanksmj,989-745-8531,igibbiemj@google.ru,rE1*IoiUp/Y$
jsoreaumk,640-791-5067,bwitcombmk@google.com.br,"lU4+G""*Iqu\""R&"
abottelstoneml,382-658-2460,ichingeml@auda.org.au,mO0)\kH65w
dmcloneymm,336-889-7243,mreddlesdenmm@oakley.com,"uM8,Jyt#rB~rMGs("
lpagemn,401-676-1312,aeastermn@businesswire.com,vM4(xcuXA
ekerswillmo,145-102-7025,mbellonmo@newyorker.com,yO4/N$W.J4z%WZ
rdobymp,931-874-3893,vjaggimp@go.com,dC0!joC}T<>hlh4
ryearnemq,362-409-7023,aennevermq@rediff.com,bF2_bj2+KGe7{0Nk
saindraismr,840-836-8427,jbagnellmr@nhs.uk,uM3\Yo$w
gtelferms,828-769-2763,ghounshamms@businessweek.com,"tV9,0U,6"
smatieumt,757-498-3118,scrumpemt@aboutads.info,oB2<ux|N'(
croadmu,105-176-3202,achalfantmu@howstuffworks.com,"kG9?c<,j9%{"
dstychemv,323-859-1932,kdevinemv@java.com,cG7.qlegaUA.
bsallingsmw,640-770-6249,wsimekmw@ifeng.com,"gL1(C""k%Jo("
cmacmechanmx,179-518-9983,uohagertymx@imgur.com,uO1#2l=CG
twalnemy,456-475-0157,jpaydonmy@gizmodo.com,"bL3@En6Sbt?,cx("
azanucioliimz,177-399-5421,cilettmz@unesco.org,"aX5</aSi/""WCd!V"
owillsonn0,779-982-7382,fcardingn0@ed.gov,gD8_4&OC?
odalemann1,630-750-0627,djeannetn1@mapquest.com,cM5}Z72kr`5I
rfriskeyn2,702-141-8722,rmownen2@themeforest.net,zH5`Ok{X
oborthramn3,424-445-3065,mhanwrightn3@yahoo.co.jp,jB8%h4dNZh
mabarrown4,288-650-8706,asolann4@nsw.gov.au,jB0`Jh'XNZ8_O{X+
kghestn5,728-418-6887,kmattiellin5@pbs.org,pN6|O=3x
cthowesn6,978-639-8569,fluciann6@cam.ac.uk,bM9`?H|uZ3Y
rtoselandn7,836-576-8718,tclaveringn7@toplist.cz,zX7<_*m~w#
bchillcotn8,760-149-6348,mtullochn8@webeden.co.uk,fC3##\uopEAIM11A
ewhiteseln9,355-411-8632,rcheshirn9@icq.com,"dG8""h>,""/fl*i1"
agerardeauxna,198-122-1861,lhagstonna@google.es,"lL4~S)H,"
agoodissonnb,547-995-3403,hmewenb@google.es,gM8`23W}J0z5b
ejachtymnc,815-725-7600,dbidewelnc@tumblr.com,hN0(d1'7?iz2pO
fsoarnd,651-867-6671,aspottiswoodend@ameblo.jp,nY4%yn58wy
dvalerione,925-433-6946,aantoniadesne@paypal.com,yX4/PCwI5Cr
mmapstonenf,988-654-8274,mgrahamslawnf@marriott.com,nL1%52zT9S
ayeskinng,464-757-7490,sburnupng@bbb.org,nZ5#<K(iEB|=f|9
ggrieswoodnh,800-793-8334,hsatchnh@people.com.cn,wD9$@+0u4wu
imadisonni,699-196-5465,eearengeyni@ebay.com,xI6\4xk2!gx\Sd9
khenningtonnj,826-337-5589,dwackleynj@noaa.gov,xB8>9=Ni4i~Lbm\
dtreachernk,164-139-4044,lansticenk@nasa.gov,wF7+H#Z4Ho~*7Hp
gdarnellnl,156-499-3891,jibbotsonnl@xrea.com,wL1(<DFA
jredbournnm,351-670-6661,cbarnfieldnm@istockphoto.com,oW5/KbAP
jcashennn,479-787-0556,eboschernn@umn.edu,wB1/{*r5@7
mdevanyno,988-567-3215,fblaydonno@typepad.com,lM4.9=$K>4}
vcotgrovenp,818-725-4927,lburghallnp@theguardian.com,eZ0#i@YkRJ~!2u
vwafernq,526-449-6434,awolfersnq@hubpages.com,fJ9_vA!TB
mklezmskinr,938-225-0965,dkamiennr@seattletimes.com,bJ4(+Pi?M
dgilberthorpens,607-901-7308,yramosns@hud.gov,"sJ2~R""L,("
gworstallnt,501-780-5672,epetkovicnt@sphinn.com,"cO3""{cMU|Mw+"
abeveragenu,214-693-2238,mmackilpatricknu@altervista.org,"dA9{,C%}1O/g'{u<"
ahumblestonenv,527-440-4327,nrhodefnv@home.pl,hK0%_n9jP{F}gww
dayscoughnw,833-127-0691,hkubasnw@mozilla.org,hP8#?H76x<'}ze/c
mattenbrownx,803-209-2386,kferrymannx@freewebs.com,"sV3""knG(YU"
jwagonny,338-815-1789,tgaulerny@google.fr,iT8{p4L68x@
bbroxupnz,437-481-0990,pgourlienz@instagram.com,uG5=B\0CB
tfleischo0,725-953-5984,cpietrowskio0@npr.org,"bE8_"")xnje66"
ewaldingo1,355-388-8232,orozeco1@apple.com,gZ8(k}ii{Q
qbrastedo2,141-890-6045,smcclintono2@nature.com,mC9&V*C+%s
ccapouno3,570-219-9926,pareleso3@columbia.edu,"gD4%1A,'i7$#KW"
ihowellso4,275-361-1783,dcornfortho4@stanford.edu,iZ1'U>6QC6_
vlakeo5,284-951-9278,bbrynso5@un.org,tE8|JDMc
kfiggero6,462-117-8399,acockerhamo6@elegantthemes.com,"eO1#IX{,F{vl0"
psturneyo7,226-848-0353,jbenedeko7@t-online.de,sE2`>3#.KB~
wpatzelto8,648-621-9591,klattkao8@icio.us,vX1#oY#<Exr
hkelsono9,438-748-2272,nwestcotto9@imdb.com,wI0+Gw_e
sjanickioa,369-278-3466,gburnyateoa@sciencedaily.com,iE1(*/sr
adurninob,449-891-2335,csmallpeiceob@irs.gov,oN2&%mUyRbxBokY$
rdobbsoc,329-684-2132,dspilleroc@fastcompany.com,uK3$q6*n@#)b{
dwhaplingtonod,800-815-8888,agettoneod@deliciousdays.com,qY5`}DKA}/G
alidgertonoe,970-619-4605,pcobleyoe@taobao.com,"uK8#9I204,lbUEQf"
rmoulandof,388-250-8305,wwinwrightof@squidoo.com,pE5{ejt)R3D`i
myareog,788-383-6357,pgarrishog@auda.org.au,wJ1)VffRseF5SP
pstanfordoh,178-251-6343,rmellandoh@yahoo.co.jp,"aH6""SLzQ/"
rdownieoi,235-281-7670,ibustoi@github.io,kN3}fh6e39m4ra&
sbrisleyoj,404-267-8708,cswaffieldoj@hud.gov,"dW5)k/CKs"""
ncuppleditchok,611-433-1279,emcsharryok@skype.com,"jF9&K*8""{oY}1O"
jblowesol,168-864-0066,wbucknallol@npr.org,dN7&FVQ8k
trubinchikom,646-735-4711,ekernom@cyberchimps.com,nJ4+FgHT!Op4
aziemenon,580-657-5968,kshurrockson@comsenz.com,nP5*4TVv~&mD
dberrilloo,326-722-5396,estearsoo@house.gov,fR4&.$}CgxsMp
wwardroperop,949-281-4940,ipitsallop@dropbox.com,bM9**OBTNL12}!M}
bhartinoq,921-361-3462,bbusbyoq@ovh.net,rB3/bveH~
dtrevethanor,308-669-3640,kruppertor@yahoo.co.jp,gP7('(6E
arussenos,757-581-6721,thaberjamos@51.la,oV9\c\@6dHB
lworrallot,738-534-3717,saudusot@cam.ac.uk,mJ8?F?F>Q
mjulyou,590-247-2069,slongwoodou@merriam-webster.com,eN3\!em_
rbloodwortheov,173-499-2234,bbuckbeeov@unc.edu,uZ4+ITAMeF)T
bbaldingow,398-531-6147,nparkmanow@gnu.org,"pZ5#ss,j>bcl2V"
cauchterlonieox,145-742-4318,vmcginnisox@examiner.com,rK8)?lz+o
epalfrieoy,353-906-0729,rbussonsoy@imgur.com,aB4~w__Yqfb
mmavenoz,984-776-0497,prutteroz@telegraph.co.uk,uO8%7t}vs
ahellerp0,483-984-4559,kriccardinip0@sitemeter.com,qF1?XF=a&Lh
jeliap1,164-409-7848,sauchterloniep1@quantcast.com,vY4_CrATYOV
emacgrayp2,942-488-7725,klukasikp2@examiner.com,kB3_7WBV/V_`?)
clanghorp3,890-153-3635,amansonp3@lulu.com,xP4{=4xuKguK4*%K
hmciloryp4,137-419-2075,fmatijevicp4@yelp.com,"bT3_1?n}'QLx,S2{"
kstraffonp5,498-602-6860,nterrenp5@guardian.co.uk,zU0/8lJe{Rz<
hsaintsburyp6,887-687-1964,tcadwalladerp6@mapquest.com,eB1.1QvDzQS
mbeausangp7,323-525-9186,rvernazzap7@wikimedia.org,"hF8$Iswp""w484}P"
libarrap8,605-817-5710,ebettlesonp8@nationalgeographic.com,rO5??&Q>Y}a
mvolksp9,382-131-5544,kmaroneyp9@vk.com,"fG2}Ta,5!aqm"
ncheasmanpa,374-908-7894,whayenpa@theglobeandmail.com,iX8}?Lx(66VZiXu
zstoakpb,442-429-7417,gruscoepb@flavors.me,gL1<k*}U~D
dhardbattlepc,628-536-4741,dhavardpc@twitpic.com,"eT5`,mPK'c?s(9"
moutrampd,759-270-2743,lkincaidpd@google.es,sL3#5zeW5aLEMs
jpeermanpe,816-797-8788,mwhithornpe@reuters.com,"kT0,=UT0ja"
gminguspf,954-337-7026,bcastelainpf@google.ru,iG9+iVv_1x
skellingtonpg,508-785-4419,mtoomeypg@tumblr.com,lA5`JE3>
tdarellph,905-571-6347,lelvishph@examiner.com,qU4.M|#eo5B_%SR
phaddlestonpi,634-379-7216,kbatonpi@cornell.edu,aX0&N4Va)+a4I{?{
aklimmekpj,494-200-3242,ahearnepj@istockphoto.com,"mR3,NeK{2(70AR'"
ppavelkapk,446-675-8304,kolekpk@apple.com,zW6$p~b!'L(S
sbusselpl,941-918-0161,mclawsonpl@gnu.org,yD4&W!s)|JEx
jmcginlaypm,222-337-9883,sjenkersonpm@infoseek.co.jp,dP3<&ySBcon'(JO
fwesternpn,685-218-7670,mjosifovitzpn@goo.ne.jp,"pJ2""*33&R1A@R"
lboatrightpo,731-841-4252,walfordepo@usgs.gov,"iR5=V,e$~"
lwimbridgepp,164-503-8816,rdarlingpp@usa.gov,jR9%X4\1d
aloynspq,539-911-3207,eubsdellpq@census.gov,zM2|eL{u2>jr?a>S
afenkelpr,740-127-6146,dervinepr@360.cn,mT8>%0hn7v
dnorvellps,368-368-2446,adebernardisps@lycos.com,"pW4}i,>C!""'"
rjaquemarpt,767-295-5002,blarringtonpt@t.co,jM5\UY0sR
bhaylorpu,250-425-4576,poloughranpu@cdbaby.com,nE6.kH!RVc>
emcnivenpv,487-282-7006,dsextenpv@angelfire.com,yN1>X}>aQ
croddypw,523-715-9461,lcorbettpw@buzzfeed.com,"hH6,Uhy`2~vV"
ibasilottapx,584-853-2039,brestorickpx@techcrunch.com,"oK8_lG$p""FLMP"
jborboroughpy,278-231-9688,jayrispy@sun.com,yK9{#1>2)
sdullaghanpz,883-406-5683,pnorthwoodpz@un.org,iQ3=iiV><el.
kolyfatq0,753-890-0045,trosenauerq0@economist.com,"vC7$555""i@{("
mgreenhoughq1,264-854-4116,adowningq1@artisteer.com,yC5<@o01O~RHWY
gjollyeq2,278-400-5302,aworcesterq2@barnesandnoble.com,"kP0{8S7""&8=n"
cmagnusq3,813-488-8772,jboffinq3@wunderground.com,uQ8(Xvag4
ubenazetq4,612-442-8006,jlishmanq4@upenn.edu,uH7)+gk0g`
smonksq5,226-444-3514,xhedauq5@sitemeter.com,xQ4|7tPFfBul
bwillisonq6,273-483-5480,ktroutbeckq6@nyu.edu,aV5{9WNH7BuO{
tyakebovichq7,748-606-7082,ttittq7@bandcamp.com,"rV4,4Pm6Z)x"
osansq8,616-897-1141,arollinshawq8@theglobeandmail.com,lC8%fWi\#N*)Z
khairesnapeq9,702-577-3706,msaundercockq9@paginegialle.it,bB5|Ecga
cclausenthueqa,488-557-4100,hjanotaqa@guardian.co.uk,pL7%PvHY&n}zkWH
dmacaindreisqb,279-161-0388,srobbenqb@cpanel.net,"xK4~`~AK,=x"
rhumbeyqc,658-525-6331,jtalksqc@miibeian.gov.cn,dO1@k/$Gf|
rguillondqd,889-672-2795,ffoukxqd@mapquest.com,eJ1{rya0Eavc
dlymerqe,727-598-7653,ledwardsonqe@princeton.edu,vM1}wwJ3u@0VH
bchilderleyqf,801-831-1042,jbednallqf@hostgator.com,aY2'L&Ch
mlisamoreqg,811-829-1800,snergerqg@home.pl,zV5_~iw@Pe4`p$84
nheelisqh,338-652-5727,dholylandqh@businesswire.com,sD4!~(q0
kgoranovqi,160-299-4035,tfreemantleqi@examiner.com,qT6'KlPEh+
hoclearyqj,362-248-4790,sfritcheqj@indiegogo.com,mP7=ksbz(Zs
dkensyqk,447-259-4365,ccranneyqk@skype.com,nG2.YI|S+r
shainsql,878-480-4242,djennensql@cpanel.net,kY8'BUt5\=8{w4k
erudgleyqm,640-576-2096,mclotherqm@engadget.com,"zC5.<n""u<"
izukermanqn,393-639-0612,efranzettoiniqn@alexa.com,iA1``KFw&Q>|}
cwallqo,361-830-4060,mkingzetqo@time.com,uQ2%I?i28>
jvarnesqp,641-270-7732,smcfadinqp@weibo.com,nZ1~8/F=m%h
jdudillqq,606-642-6735,gshellumqq@census.gov,eG9=FvyiJM
ihoytqr,108-481-5405,thowdenqr@google.fr,rA0\~G/r
mmehmetqs,354-357-5595,shardypigginqs@tmall.com,qW5`ks&gZ
sbruceqt,263-738-8632,jbenettiniqt@mayoclinic.com,mA2?jcCGlF
tglendzaqu,224-913-9333,kwaddilowqu@amazonaws.com,mB7>vpRxj}V|
ffowlerqv,662-584-1009,hlordonqv@51.la,qU5+ZQYJ8}m+mr
hhanfreyqw,913-643-9109,vpedriqw@squarespace.com,hM8&<iB~\Xt1A3
ccowgillqx,216-430-5604,chazzardqx@globo.com,"uO2*u{jJ_nrG,H"
jamesqy,731-133-8607,fvisteqy@nbcnews.com,fE8?S.7m`G4Z#
bkilpinqz,815-143-6094,cdellarqz@cocolog-nifty.com,uI6$JemRLp@n2D
pgillionsr0,343-937-8288,tlivingsr0@apache.org,"uA8%6K0,|5vE@U"
tlawfulr1,594-710-1155,dkneafseyr1@chicagotribune.com,lU3?@\9kK.F
bsimeonovr2,531-690-8968,tshivellr2@vistaprint.com,bH1{1m9?s%Vo
ccrumlyr3,671-330-3466,lbuddingr3@mayoclinic.com,"gM6,kCk7jYt}vUFP"
lleipeltr4,140-992-8653,nseamenr4@washington.edu,tQ2>Yc+|z2U
rmingayr5,393-453-8328,svanderbekenr5@canalblog.com,bG9&MB07Ry9qdZM9
cchedgeyr6,812-709-5680,amacgilpatrickr6@hugedomains.com,mO2%t4\2
mbenjefieldr7,863-713-7122,tmoralesr7@reuters.com,nP7?8T2>P$WO
btroker8,565-911-8676,rbernhardtr8@nationalgeographic.com,yK9?6+Ao
kaspinallr9,503-813-6353,jfinchamr9@alexa.com,"aX3_)W""pW"
jkrolakra,651-451-2563,bscamadenra@wikimedia.org,gH1/BOoK8
kduffanrb,327-237-8509,bpantonrb@yale.edu,xV4\bGeLI=Z
cruberyrc,447-216-9556,gdooreyrc@usatoday.com,nU4(nFch&dR.L
mcroadrd,139-337-3937,trobeyrd@gravatar.com,jA1_UyhFMkBd+M|k
ksandryre,741-304-3960,jguilloneaure@slideshare.net,nV5<?Iezy`O'HX
cbarrasserf,646-563-4265,lmcnameerf@parallels.com,bO9~((xTDt!uvz
tgoffordrg,251-327-4013,nmaliphantrg@addthis.com,"bC2$}""|r"
epeetrh,426-750-0465,livakhnorh@yellowbook.com,rO9(ZN&p
pmacelroyri,108-755-4215,trisbyri@com.com,"uA1|\TW<8"""
omacvanamyrj,760-441-4596,kgilcriestrj@guardian.co.uk,eD4{b0r#Ub{`)
hcawsonrk,580-434-0477,rdunlaprk@apple.com,zK7.hR<mEks
mdudinrl,983-405-2981,amattonrl@last.fm,cA0#$}a|~zB
tkatzrm,132-463-5261,shaggethrm@archive.org,vY9(w7V+&
ymacinerneyrn,452-928-1344,dgilberthorpern@cbslocal.com,aQ7\5c=w$J
amalenfantro,965-969-2037,sbigleyro@google.de,hM5??_05
gbartellirp,222-600-8685,hlortzingrp@cbslocal.com,gX9|2r6t
dwagerrq,165-212-5176,gabbottsrq@si.edu,jM1_&M{ZbS}P
rblowinrr,940-972-4772,gturtlerr@biglobe.ne.jp,gN6)_SX}}ZUbaV
